case_id,arm_a_executions,arm_b_executions,status
v3.1h-001,1,1,COMPLETE
v3.1h-002,1,1,COMPLETE
v3.1h-003,1,1,COMPLETE
v3.1h-004,1,1,COMPLETE
v3.1h-005,1,1,COMPLETE
v3.1h-006,1,1,COMPLETE
v3.1h-007,1,1,COMPLETE
v3.1h-008,1,1,COMPLETE
v3.1h-009,1,1,COMPLETE
v3.1h-010,1,1,COMPLETE
v3.1h-011,1,1,COMPLETE
v3.1h-012,1,1,COMPLETE
v3.1h-013,1,1,COMPLETE
v3.1h-014,1,1,COMPLETE
v3.1h-015,1,1,COMPLETE
v3.1h-016,1,1,COMPLETE
v3.1h-017,1,1,COMPLETE
v3.1h-018,1,1,COMPLETE
v3.1h-019,1,1,COMPLETE
v3.1h-020,1,1,COMPLETE
v3.1h-021,1,1,COMPLETE
v3.1h-022,1,1,COMPLETE
v3.1h-023,1,1,COMPLETE
v3.1h-024,1,1,COMPLETE
v3.1h-025,1,1,COMPLETE
v3.1h-026,1,1,COMPLETE
v3.1h-027,1,1,COMPLETE
v3.1h-028,1,1,COMPLETE
v3.1h-029,1,1,COMPLETE
v3.1h-030,1,1,COMPLETE
v3.1h-031,1,1,COMPLETE
v3.1h-032,1,1,COMPLETE
v3.1h-033,1,1,COMPLETE
v3.1h-034,1,1,COMPLETE
v3.1h-035,1,1,COMPLETE
v3.1h-036,1,1,COMPLETE
v3.1h-037,1,1,COMPLETE
v3.1h-038,1,1,COMPLETE
v3.1h-039,1,1,COMPLETE
v3.1h-040,1,1,COMPLETE
v3.1h-041,1,1,COMPLETE
v3.1h-042,1,1,COMPLETE
v3.1h-043,1,1,COMPLETE
v3.1h-044,1,1,COMPLETE
v3.1h-045,1,1,COMPLETE
v3.1h-046,1,1,COMPLETE
v3.1h-047,1,1,COMPLETE
v3.1h-048,1,1,COMPLETE
v3.1h-049,1,1,COMPLETE
v3.1h-050,1,1,COMPLETE
v3.1h-051,1,1,COMPLETE
v3.1h-052,1,1,COMPLETE
v3.1h-053,1,1,COMPLETE
v3.1h-054,1,1,COMPLETE
v3.1h-055,1,1,COMPLETE
v3.1h-056,1,1,COMPLETE
v3.1h-057,1,1,COMPLETE
v3.1h-058,1,1,COMPLETE
v3.1h-059,1,1,COMPLETE
v3.1h-060,1,1,COMPLETE
v3.1h-061,1,1,COMPLETE
v3.1h-062,1,1,COMPLETE
v3.1h-063,1,1,COMPLETE
v3.1h-064,1,1,COMPLETE
v3.1h-065,1,1,COMPLETE
v3.1h-066,1,1,COMPLETE
v3.1h-067,1,1,COMPLETE
v3.1h-068,1,1,COMPLETE
v3.1h-069,1,1,COMPLETE
v3.1h-070,1,1,COMPLETE
v3.1h-071,1,1,COMPLETE
v3.1h-072,1,1,COMPLETE
v3.1h-073,1,1,COMPLETE
v3.1h-074,1,1,COMPLETE
v3.1h-075,1,1,COMPLETE
v3.1h-076,1,1,COMPLETE
v3.1h-077,1,1,COMPLETE
v3.1h-078,1,1,COMPLETE
v3.1h-079,1,1,COMPLETE
v3.1h-080,1,1,COMPLETE
