case_id,arm_a_status,arm_b_status,arm_a_claim_support,arm_b_claim_support,arm_a_citation_validation,arm_b_citation_validation,arm_a_unsupported,arm_b_unsupported,arm_a_abstention,arm_b_abstention,arm_a_provider_failure,arm_b_provider_failure,pair_state
v3.1h-001,SUCCESS,abstained,0.0,0.0,0.0,0.0,1.0,1.0,0.0,0.0,0.0,0.0,A_SUCCESS_B_ABSTAIN
v3.1h-002,SUCCESS,abstained,0.0,0.0,0.0,0.0,1.0,1.0,0.0,0.0,0.0,0.0,A_SUCCESS_B_ABSTAIN
v3.1h-003,SUCCESS,abstained,0.0,0.0,0.0,0.0,1.0,0.0,0.0,1.0,0.0,0.0,A_SUCCESS_B_ABSTAIN
v3.1h-004,SUCCESS,abstained,0.0,0.0,0.0,0.0,1.0,0.0,0.0,1.0,0.0,0.0,A_SUCCESS_B_ABSTAIN
v3.1h-005,SUCCESS,abstained,0.0,0.0,0.0,0.0,1.0,0.0,0.0,1.0,0.0,0.0,A_SUCCESS_B_ABSTAIN
v3.1h-006,provider_failure,abstained,0.0,0.0,0.0,0.0,0.0,0.0,0.0,1.0,1.0,0.0,MIXED_OTHER
v3.1h-007,provider_failure,abstained,0.0,0.0,0.0,0.0,0.0,0.0,0.0,1.0,1.0,0.0,MIXED_OTHER
v3.1h-008,provider_failure,abstained,0.0,0.0,0.0,0.0,0.0,0.0,0.0,1.0,1.0,0.0,MIXED_OTHER
v3.1h-009,provider_failure,abstained,0.0,0.0,0.0,0.0,0.0,0.0,0.0,1.0,1.0,0.0,MIXED_OTHER
v3.1h-010,provider_failure,abstained,0.0,0.0,0.0,0.0,0.0,0.0,0.0,1.0,1.0,0.0,MIXED_OTHER
v3.1h-011,provider_failure,abstained,0.0,0.0,0.0,0.0,0.0,0.0,0.0,1.0,1.0,0.0,MIXED_OTHER
v3.1h-012,provider_failure,abstained,0.0,0.0,0.0,0.0,0.0,0.0,0.0,1.0,1.0,0.0,MIXED_OTHER
v3.1h-013,provider_failure,abstained,0.0,0.0,0.0,0.0,0.0,0.0,0.0,1.0,1.0,0.0,MIXED_OTHER
v3.1h-014,provider_failure,abstained,0.0,0.0,0.0,0.0,0.0,0.0,0.0,1.0,1.0,0.0,MIXED_OTHER
v3.1h-015,provider_failure,abstained,0.0,0.0,0.0,0.0,0.0,0.0,0.0,1.0,1.0,0.0,MIXED_OTHER
v3.1h-016,provider_failure,abstained,0.0,0.0,0.0,0.0,0.0,0.0,0.0,1.0,1.0,0.0,MIXED_OTHER
v3.1h-017,provider_failure,abstained,0.0,0.0,0.0,0.0,0.0,0.0,0.0,1.0,1.0,0.0,MIXED_OTHER
v3.1h-018,provider_failure,abstained,0.0,0.0,0.0,0.0,0.0,0.0,0.0,1.0,1.0,0.0,MIXED_OTHER
v3.1h-019,provider_failure,abstained,0.0,0.0,0.0,0.0,0.0,0.0,0.0,1.0,1.0,0.0,MIXED_OTHER
v3.1h-020,provider_failure,abstained,0.0,0.0,0.0,0.0,0.0,0.0,0.0,1.0,1.0,0.0,MIXED_OTHER
v3.1h-021,provider_failure,provider_failure,0.0,0.0,0.0,0.0,0.0,0.0,0.0,0.0,1.0,1.0,BOTH_FAILURE
v3.1h-022,provider_failure,provider_failure,0.0,0.0,0.0,0.0,0.0,0.0,0.0,0.0,1.0,1.0,BOTH_FAILURE
v3.1h-023,provider_failure,provider_failure,0.0,0.0,0.0,0.0,0.0,0.0,0.0,0.0,1.0,1.0,BOTH_FAILURE
v3.1h-024,SUCCESS,abstained,0.0,0.0,0.0,0.0,1.0,0.0,0.0,1.0,0.0,0.0,A_SUCCESS_B_ABSTAIN
v3.1h-025,provider_failure,abstained,0.0,0.0,0.0,0.0,0.0,0.0,0.0,1.0,1.0,0.0,MIXED_OTHER
v3.1h-026,provider_failure,abstained,0.0,0.0,0.0,0.0,0.0,0.0,0.0,1.0,1.0,0.0,MIXED_OTHER
v3.1h-027,provider_failure,abstained,0.0,0.0,0.0,0.0,0.0,0.0,0.0,1.0,1.0,0.0,MIXED_OTHER
v3.1h-028,provider_failure,abstained,0.0,0.0,0.0,0.0,0.0,0.0,0.0,1.0,1.0,0.0,MIXED_OTHER
v3.1h-029,provider_failure,abstained,0.0,0.0,0.0,0.0,0.0,0.0,0.0,1.0,1.0,0.0,MIXED_OTHER
v3.1h-030,provider_failure,abstained,0.0,0.0,0.0,0.0,0.0,0.0,0.0,1.0,1.0,0.0,MIXED_OTHER
v3.1h-031,provider_failure,abstained,0.0,0.0,0.0,0.0,0.0,0.0,0.0,1.0,1.0,0.0,MIXED_OTHER
v3.1h-032,provider_failure,abstained,0.0,0.0,0.0,0.0,0.0,0.0,0.0,1.0,1.0,0.0,MIXED_OTHER
v3.1h-033,provider_failure,abstained,0.0,0.0,0.0,0.0,0.0,0.0,0.0,1.0,1.0,0.0,MIXED_OTHER
v3.1h-034,provider_failure,abstained,0.0,0.0,0.0,0.0,0.0,0.0,0.0,1.0,1.0,0.0,MIXED_OTHER
v3.1h-035,provider_failure,abstained,0.0,0.0,0.0,0.0,0.0,0.0,0.0,1.0,1.0,0.0,MIXED_OTHER
v3.1h-036,provider_failure,abstained,0.0,0.0,0.0,0.0,0.0,0.0,0.0,1.0,1.0,0.0,MIXED_OTHER
v3.1h-037,provider_failure,abstained,0.0,0.0,0.0,0.0,0.0,0.0,0.0,1.0,1.0,0.0,MIXED_OTHER
v3.1h-038,provider_failure,abstained,0.0,0.0,0.0,0.0,0.0,0.0,0.0,1.0,1.0,0.0,MIXED_OTHER
v3.1h-039,provider_failure,abstained,0.0,0.0,0.0,0.0,0.0,0.0,0.0,1.0,1.0,0.0,MIXED_OTHER
v3.1h-040,provider_failure,abstained,0.0,0.0,0.0,0.0,0.0,0.0,0.0,1.0,1.0,0.0,MIXED_OTHER
v3.1h-041,provider_failure,abstained,0.0,0.0,0.0,0.0,0.0,0.0,0.0,1.0,1.0,0.0,MIXED_OTHER
v3.1h-042,provider_failure,abstained,0.0,0.0,0.0,0.0,0.0,0.0,0.0,1.0,1.0,0.0,MIXED_OTHER
v3.1h-043,provider_failure,abstained,0.0,0.0,0.0,0.0,0.0,0.0,0.0,1.0,1.0,0.0,MIXED_OTHER
v3.1h-044,provider_failure,abstained,0.0,0.0,0.0,0.0,0.0,0.0,0.0,1.0,1.0,0.0,MIXED_OTHER
v3.1h-045,provider_failure,abstained,0.0,0.0,0.0,0.0,0.0,0.0,0.0,1.0,1.0,0.0,MIXED_OTHER
v3.1h-046,provider_failure,provider_failure,0.0,0.0,0.0,0.0,0.0,0.0,0.0,0.0,1.0,1.0,BOTH_FAILURE
v3.1h-047,provider_failure,provider_failure,0.0,0.0,0.0,0.0,0.0,0.0,0.0,0.0,1.0,1.0,BOTH_FAILURE
v3.1h-048,provider_failure,abstained,0.0,0.0,0.0,0.0,0.0,0.0,0.0,1.0,1.0,0.0,MIXED_OTHER
v3.1h-049,provider_failure,abstained,0.0,0.0,0.0,0.0,0.0,0.0,0.0,1.0,1.0,0.0,MIXED_OTHER
v3.1h-050,SUCCESS,abstained,0.0,0.0,0.0,0.0,1.0,0.0,0.0,1.0,0.0,0.0,A_SUCCESS_B_ABSTAIN
v3.1h-051,provider_failure,abstained,0.0,0.0,0.0,0.0,0.0,0.0,0.0,1.0,1.0,0.0,MIXED_OTHER
v3.1h-052,provider_failure,abstained,0.0,0.0,0.0,0.0,0.0,0.0,0.0,1.0,1.0,0.0,MIXED_OTHER
v3.1h-053,provider_failure,abstained,0.0,0.0,0.0,0.0,0.0,0.0,0.0,1.0,1.0,0.0,MIXED_OTHER
v3.1h-054,provider_failure,abstained,0.0,0.0,0.0,0.0,0.0,0.0,0.0,1.0,1.0,0.0,MIXED_OTHER
v3.1h-055,provider_failure,abstained,0.0,0.0,0.0,0.0,0.0,0.0,0.0,1.0,1.0,0.0,MIXED_OTHER
v3.1h-056,provider_failure,abstained,0.0,0.0,0.0,0.0,0.0,0.0,0.0,1.0,1.0,0.0,MIXED_OTHER
v3.1h-057,provider_failure,abstained,0.0,0.0,0.0,0.0,0.0,0.0,0.0,1.0,1.0,0.0,MIXED_OTHER
v3.1h-058,provider_failure,abstained,0.0,0.0,0.0,0.0,0.0,0.0,0.0,1.0,1.0,0.0,MIXED_OTHER
v3.1h-059,provider_failure,abstained,0.0,0.0,0.0,0.0,0.0,0.0,0.0,1.0,1.0,0.0,MIXED_OTHER
v3.1h-060,provider_failure,abstained,0.0,0.0,0.0,0.0,0.0,0.0,0.0,1.0,1.0,0.0,MIXED_OTHER
v3.1h-061,provider_failure,abstained,0.0,0.0,0.0,0.0,0.0,0.0,0.0,1.0,1.0,0.0,MIXED_OTHER
v3.1h-062,provider_failure,abstained,0.0,0.0,0.0,0.0,0.0,0.0,0.0,1.0,1.0,0.0,MIXED_OTHER
v3.1h-063,provider_failure,abstained,0.0,0.0,0.0,0.0,0.0,0.0,0.0,1.0,1.0,0.0,MIXED_OTHER
v3.1h-064,provider_failure,abstained,0.0,0.0,0.0,0.0,0.0,0.0,0.0,1.0,1.0,0.0,MIXED_OTHER
v3.1h-065,provider_failure,abstained,0.0,0.0,0.0,0.0,0.0,0.0,0.0,1.0,1.0,0.0,MIXED_OTHER
v3.1h-066,provider_failure,provider_failure,0.0,0.0,0.0,0.0,0.0,0.0,0.0,0.0,1.0,1.0,BOTH_FAILURE
v3.1h-067,provider_failure,provider_failure,0.0,0.0,0.0,0.0,0.0,0.0,0.0,0.0,1.0,1.0,BOTH_FAILURE
v3.1h-068,provider_failure,abstained,0.0,0.0,0.0,0.0,0.0,0.0,0.0,1.0,1.0,0.0,MIXED_OTHER
v3.1h-069,provider_failure,provider_failure,0.0,0.0,0.0,0.0,0.0,0.0,0.0,0.0,1.0,1.0,BOTH_FAILURE
v3.1h-070,provider_failure,abstained,0.0,0.0,0.0,0.0,0.0,0.0,0.0,1.0,1.0,0.0,MIXED_OTHER
v3.1h-071,provider_failure,abstained,0.0,0.0,0.0,0.0,0.0,0.0,0.0,1.0,1.0,0.0,MIXED_OTHER
v3.1h-072,provider_failure,abstained,0.0,0.0,0.0,0.0,0.0,0.0,0.0,1.0,1.0,0.0,MIXED_OTHER
v3.1h-073,provider_failure,abstained,0.0,0.0,0.0,0.0,0.0,0.0,0.0,1.0,1.0,0.0,MIXED_OTHER
v3.1h-074,provider_failure,abstained,0.0,0.0,0.0,0.0,0.0,0.0,0.0,1.0,1.0,0.0,MIXED_OTHER
v3.1h-075,provider_failure,abstained,0.0,0.0,0.0,0.0,0.0,0.0,0.0,1.0,1.0,0.0,MIXED_OTHER
v3.1h-076,provider_failure,abstained,0.0,0.0,0.0,0.0,0.0,0.0,0.0,1.0,1.0,0.0,MIXED_OTHER
v3.1h-077,SUCCESS,abstained,0.0,0.0,0.0,0.0,1.0,0.0,0.0,1.0,0.0,0.0,A_SUCCESS_B_ABSTAIN
v3.1h-078,provider_failure,abstained,0.0,0.0,0.0,0.0,0.0,0.0,0.0,1.0,1.0,0.0,MIXED_OTHER
v3.1h-079,provider_failure,abstained,0.0,0.0,0.0,0.0,0.0,0.0,0.0,1.0,1.0,0.0,MIXED_OTHER
v3.1h-080,provider_failure,abstained,0.0,0.0,0.0,0.0,0.0,0.0,0.0,1.0,1.0,0.0,MIXED_OTHER
