case_id,query,claim_type,risk_tier,difficulty,document_id,chunk_id,document_title,document_text,candidate_reason,source_text_availability
v3.1h-001,How does metformin inhibit hepatic gluconeogenesis?,Pharmacology,R1,MECHANISM,41177211,chunk-41177211-001,Biomedical pharmacology study on metformin and glucose (PMID 41177211),Metformin decreases hepatic glucose production and decreases intestinal absorption of glucose.,"Candidate surfaced due to matching concepts: metformin, hepatic glucose production.",TITLE_ONLY
v3.1h-001,How does metformin inhibit hepatic gluconeogenesis?,Pharmacology,R1,MECHANISM,42661734,chunk-42661734-001,Sex-specific effects of resveratrol and metformin on mitochondrial function and inflammatory activation in a TNF-α-driven human iPSC-derived endothelial dysfunction model.,Sex-specific effects of resveratrol and metformin on mitochondrial function and inflammatory activation in a TNF-α-driven human iPSC-derived endothelial dysfunction model.,Candidate surfaced due to matching concepts: metformin.,FULL_TEXT
v3.1h-001,How does metformin inhibit hepatic gluconeogenesis?,Pharmacology,R1,MECHANISM,42679743,chunk-42679743-001,Dual-response mitochondria-targeted fluorescent probe for Hypochlorous acid and viscosity: Applications in liver injury diagnosis and environmental monitoring.,Dual-response mitochondria-targeted fluorescent probe for Hypochlorous acid and viscosity: Applications in liver injury diagnosis and environmental monitoring.,Candidate surfaced due to matching concepts: liver.,FULL_TEXT
v3.1h-001,How does metformin inhibit hepatic gluconeogenesis?,Pharmacology,R1,MECHANISM,42678243,chunk-42678243-001,MSCs overexpressing FGF21 alleviate acetaminophen-induced acute liver injury by eliciting macrophage-mediated phagocytosis.,MSCs overexpressing FGF21 alleviate acetaminophen-induced acute liver injury by eliciting macrophage-mediated phagocytosis.,Candidate surfaced due to matching concepts: liver.,FULL_TEXT
v3.1h-001,How does metformin inhibit hepatic gluconeogenesis?,Pharmacology,R1,MECHANISM,42674049,chunk-42674049-001,A Near-Infrared Fluorescent Probe for Imaging Nitroxyl Dynamics in Ferroptosis-Associated Drug-Induced Liver Injury.,A Near-Infrared Fluorescent Probe for Imaging Nitroxyl Dynamics in Ferroptosis-Associated Drug-Induced Liver Injury.,Candidate surfaced due to matching concepts: liver.,FULL_TEXT
v3.1h-001,How does metformin inhibit hepatic gluconeogenesis?,Pharmacology,R1,MECHANISM,42680287,chunk-42680287-001,Lipid-lowering and hepatoprotective effects of Ocimum sanctum L. (Thai holy basil) flower against MASLD and liver inflammation in rats.,Lipid-lowering and hepatoprotective effects of Ocimum sanctum L. (Thai holy basil) flower against MASLD and liver inflammation in rats.,Candidate surfaced due to matching concepts: liver.,FULL_TEXT
v3.1h-001,How does metformin inhibit hepatic gluconeogenesis?,Pharmacology,R1,MECHANISM,42632694,chunk-42632694-001,Oral co-delivery of quercetin and anthocyanins via dual-ligand nanoparticles alleviate obesity and associated metabolic disorders.,Oral co-delivery of quercetin and anthocyanins via dual-ligand nanoparticles alleviate obesity and associated metabolic disorders.,Candidate surfaced due to matching concepts: liver.,FULL_TEXT
v3.1h-001,How does metformin inhibit hepatic gluconeogenesis?,Pharmacology,R1,MECHANISM,32699722,chunk-32699722-001,Metformin Associated Lactic Acidosis in the Intensive Care Unit: A Rare Condition Mimicking Sepsis.,Metformin Associated Lactic Acidosis in the Intensive Care Unit: A Rare Condition Mimicking Sepsis.,Candidate surfaced due to matching concepts: metformin.,TITLE_ONLY
v3.1h-001,How does metformin inhibit hepatic gluconeogenesis?,Pharmacology,R1,MECHANISM,42681676,chunk-42681676-001,Targeting breast cancer stem cells by restoring RBM38 function: mechanism and protein delivery therapy.,Targeting breast cancer stem cells by restoring RBM38 function: mechanism and protein delivery therapy.,Candidate surfaced due to matching concepts: liver.,FULL_TEXT
v3.1h-001,How does metformin inhibit hepatic gluconeogenesis?,Pharmacology,R1,MECHANISM,42662744,chunk-42662744-001,Perfluoroether Peptide-Modified Artificial Viral Capsid for Enhanced Doxorubicin Delivery to Liver Cancer Cells.,Perfluoroether Peptide-Modified Artificial Viral Capsid for Enhanced Doxorubicin Delivery to Liver Cancer Cells.,Candidate surfaced due to matching concepts: liver.,FULL_TEXT
v3.1h-001,How does metformin inhibit hepatic gluconeogenesis?,Pharmacology,R1,MECHANISM,42652369,chunk-42652369-001,"Shifting Public Interest in Liver Health, Hepatotoxic Medications, and Dietary Supplements in Kazakhstan: A Five-Year Google Trends Infodemiology Study.","Shifting Public Interest in Liver Health, Hepatotoxic Medications, and Dietary Supplements in Kazakhstan: A Five-Year Google Trends Infodemiology Study.",Candidate surfaced due to matching concepts: liver.,FULL_TEXT
v3.1h-001,How does metformin inhibit hepatic gluconeogenesis?,Pharmacology,R1,MECHANISM,42638417,chunk-42638417-001,The Bacterial Metabolite Lndole-3-Propionic Acid Alleviates Acetaminophen-Induced Acute Liver Injury Partly through the Aryl Hydrocarbon Receptor Pathway.,The Bacterial Metabolite Lndole-3-Propionic Acid Alleviates Acetaminophen-Induced Acute Liver Injury Partly through the Aryl Hydrocarbon Receptor Pathway.,Candidate surfaced due to matching concepts: liver.,FULL_TEXT
v3.1h-001,How does metformin inhibit hepatic gluconeogenesis?,Pharmacology,R1,MECHANISM,42631638,chunk-42631638-001,Diallyl trisulfide ameliorates acetaminophen-induced acute liver injury through the oxidative modification of CYP2E1 cysteine residues.,Diallyl trisulfide ameliorates acetaminophen-induced acute liver injury through the oxidative modification of CYP2E1 cysteine residues.,Candidate surfaced due to matching concepts: liver.,FULL_TEXT
v3.1h-001,How does metformin inhibit hepatic gluconeogenesis?,Pharmacology,R1,MECHANISM,42595240,chunk-42595240-001,Xenobiotic-Induced Liver Injury in the United States: A 25-Year Retrospective Analysis of National Poison Data System.,Xenobiotic-Induced Liver Injury in the United States: A 25-Year Retrospective Analysis of National Poison Data System.,Candidate surfaced due to matching concepts: liver.,FULL_TEXT
v3.1h-002,Clearance pathway for lisinopril,Pharmacology,R1,MECHANISM,33048477,chunk-33048477-001,Impact of Green Tea Catechin Ingestion on the Pharmacokinetics of Lisinopril in Healthy Volunteers.,Impact of Green Tea Catechin Ingestion on the Pharmacokinetics of Lisinopril in Healthy Volunteers.,"Candidate surfaced due to matching concepts: lisinopril, pharmacokinetics.",TITLE_ONLY
v3.1h-002,Clearance pathway for lisinopril,Pharmacology,R1,MECHANISM,42591558,chunk-42591558-001,Physiologically based pharmacokinetic modeling of fluconazole: interpretation of gender-dependent pharmacokinetics and cytochrome P450 inhibition.,Physiologically based pharmacokinetic modeling of fluconazole: interpretation of gender-dependent pharmacokinetics and cytochrome P450 inhibition.,Candidate surfaced due to matching concepts: pharmacokinetics.,FULL_TEXT
v3.1h-002,Clearance pathway for lisinopril,Pharmacology,R1,MECHANISM,42571795,chunk-42571795-001,Mechanistic insights into cytochrome P450 inhibition by progesterone and its impact on fluoxetine pharmacokinetics.,Mechanistic insights into cytochrome P450 inhibition by progesterone and its impact on fluoxetine pharmacokinetics.,Candidate surfaced due to matching concepts: pharmacokinetics.,FULL_TEXT
v3.1h-002,Clearance pathway for lisinopril,Pharmacology,R1,MECHANISM,38710058,chunk-38710058-001,"The Salutary Effects of Diminazene, Lisinopril or Valsartan on Cisplatin - Induced Acute Kidney Injury in Rats: A Comparative Study.","The Salutary Effects of Diminazene, Lisinopril or Valsartan on Cisplatin - Induced Acute Kidney Injury in Rats: A Comparative Study.",Candidate surfaced due to matching concepts: lisinopril.,FULL_TEXT
v3.1h-002,Clearance pathway for lisinopril,Pharmacology,R1,MECHANISM,33986677,chunk-33986677-001,"Radiation Increases Bioavailability of Lisinopril, a Mitigator of Radiation-Induced Toxicities.","Radiation Increases Bioavailability of Lisinopril, a Mitigator of Radiation-Induced Toxicities.",Candidate surfaced due to matching concepts: lisinopril.,TITLE_ONLY
v3.1h-002,Clearance pathway for lisinopril,Pharmacology,R1,MECHANISM,40771914,chunk-40771914-001,"Pharmacodynamics, pharmacokinetics, interactions with other drugs, toxicity and clinical effectiveness of proton pump inhibitors.","Pharmacodynamics, pharmacokinetics, interactions with other drugs, toxicity and clinical effectiveness of proton pump inhibitors.",Candidate surfaced due to matching concepts: pharmacokinetics.,FULL_TEXT
v3.1h-002,Clearance pathway for lisinopril,Pharmacology,R1,MECHANISM,39430173,chunk-39430173-001,Prospective Trial on the Pharmacokinetics of Clopidogrel in Hemodialysis Patients.,Prospective Trial on the Pharmacokinetics of Clopidogrel in Hemodialysis Patients.,Candidate surfaced due to matching concepts: pharmacokinetics.,TITLE_ONLY
v3.1h-002,Clearance pathway for lisinopril,Pharmacology,R1,MECHANISM,42670022,chunk-42670022-001,Apixaban Dose Selection in Kidney Failure: Reconciling Pharmacokinetics and Clinical Outcomes.,Apixaban Dose Selection in Kidney Failure: Reconciling Pharmacokinetics and Clinical Outcomes.,Candidate surfaced due to matching concepts: pharmacokinetics.,TITLE_ONLY
v3.1h-002,Clearance pathway for lisinopril,Pharmacology,R1,MECHANISM,42654146,chunk-42654146-001,Moxifloxacin-Mediated Downregulation of Intestinal P-Glycoprotein Alters the Pharmacokinetics of Dabigatran Etexilate: Mechanistic Insights in Rats and PBPK Model-Informed Dose Optimization.,Moxifloxacin-Mediated Downregulation of Intestinal P-Glycoprotein Alters the Pharmacokinetics of Dabigatran Etexilate: Mechanistic Insights in Rats and PBPK Model-Informed Dose Optimization.,Candidate surfaced due to matching concepts: pharmacokinetics.,FULL_TEXT
v3.1h-021,Concomitant use of warfarin and aspirin bleeding risk,DDI,R3,MULTI_ENTITY,40825054,chunk-40825054-001,"Analysis of hemorrhagic transformation and intracerebral hemorrhage under combination therapy with alteplase and antiplatelets or anticoagulants, using the Japanese Adverse Drug Event Report database.","Analysis of hemorrhagic transformation and intracerebral hemorrhage under combination therapy with alteplase and antiplatelets or anticoagulants, using the Japanese Adverse Drug Event Report database.",Candidate surfaced due to matching concepts: hemorrhage.,FULL_TEXT
v3.1h-021,Concomitant use of warfarin and aspirin bleeding risk,DDI,R3,MULTI_ENTITY,40198642,chunk-40198642-001,Impact of Ginkgo biloba drug interactions on bleeding risk and coagulation profiles: A comprehensive analysis.,Impact of Ginkgo biloba drug interactions on bleeding risk and coagulation profiles: A comprehensive analysis.,Candidate surfaced due to matching concepts: bleeding.,FULL_TEXT
v3.1h-021,Concomitant use of warfarin and aspirin bleeding risk,DDI,R3,MULTI_ENTITY,40915652,chunk-40915652-001,Nonsteroidal Anti-Inflammatory Drugs and Risk of Gastrointestinal Bleeding: A Systematic Review and Meta-Analysis.,Nonsteroidal Anti-Inflammatory Drugs and Risk of Gastrointestinal Bleeding: A Systematic Review and Meta-Analysis.,Candidate surfaced due to matching concepts: bleeding.,FULL_TEXT
v3.1h-021,Concomitant use of warfarin and aspirin bleeding risk,DDI,R3,MULTI_ENTITY,41112691,chunk-41112691-001,"Risk Factors Associated with Thrombus Development Following Pharmacologic Anticoagulation Reversal with Coagulation Factor Xa [Recombinant], Inactivated-zhzo.","Risk Factors Associated with Thrombus Development Following Pharmacologic Anticoagulation Reversal with Coagulation Factor Xa [Recombinant], Inactivated-zhzo.",Candidate surfaced due to matching concepts: anticoagulation.,FULL_TEXT
v3.1h-021,Concomitant use of warfarin and aspirin bleeding risk,DDI,R3,MULTI_ENTITY,40828441,chunk-40828441-001,Oral anticoagulants-related bleeding: what happens in the emergency room? The Galeno study.,Oral anticoagulants-related bleeding: what happens in the emergency room? The Galeno study.,Candidate surfaced due to matching concepts: bleeding.,TITLE_ONLY
v3.1h-021,Concomitant use of warfarin and aspirin bleeding risk,DDI,R3,MULTI_ENTITY,40289797,chunk-40289797-001,Association of Biomarkers With Intracerebral Hematoma Expansion and Arterial Thromboembolic Events in Patients With Acute Intracranial Hemorrhage: The ANNEXA-I Biomarker Substudy.,Association of Biomarkers With Intracerebral Hematoma Expansion and Arterial Thromboembolic Events in Patients With Acute Intracranial Hemorrhage: The ANNEXA-I Biomarker Substudy.,Candidate surfaced due to matching concepts: hemorrhage.,FULL_TEXT
v3.1h-021,Concomitant use of warfarin and aspirin bleeding risk,DDI,R3,MULTI_ENTITY,42128628,chunk-42128628-001,Comparative efficacy and safety of apixaban and rivaroxaban versus warfarin in atrial fibrillation patients with end-stage renal disease: a systematic review and meta-analysis.,Comparative efficacy and safety of apixaban and rivaroxaban versus warfarin in atrial fibrillation patients with end-stage renal disease: a systematic review and meta-analysis.,Candidate surfaced due to matching concepts: warfarin.,FULL_TEXT
v3.1h-021,Concomitant use of warfarin and aspirin bleeding risk,DDI,R3,MULTI_ENTITY,42269153,chunk-42269153-001,Antidotes for Anticoagulation Reversal.,Antidotes for Anticoagulation Reversal.,Candidate surfaced due to matching concepts: anticoagulation.,TITLE_ONLY
v3.1h-021,Concomitant use of warfarin and aspirin bleeding risk,DDI,R3,MULTI_ENTITY,42206096,chunk-42206096-001,"Anticoagulation associated intracerebral haemorrhage trends, treatment and outcomes in a metropolitan cohort: analysed by availability of specific versus non-specific reversal agents.","Anticoagulation associated intracerebral haemorrhage trends, treatment and outcomes in a metropolitan cohort: analysed by availability of specific versus non-specific reversal agents.",Candidate surfaced due to matching concepts: anticoagulation.,FULL_TEXT
v3.1h-021,Concomitant use of warfarin and aspirin bleeding risk,DDI,R3,MULTI_ENTITY,42087312,chunk-42087312-001,Anticoagulation in Patients With Gastrointestinal Disease.,Anticoagulation in Patients With Gastrointestinal Disease.,Candidate surfaced due to matching concepts: anticoagulation.,TITLE_ONLY
v3.1h-021,Concomitant use of warfarin and aspirin bleeding risk,DDI,R3,MULTI_ENTITY,41976898,chunk-41976898-001,Anticoagulation Stewardship Program in the DOAC Era.,Anticoagulation Stewardship Program in the DOAC Era.,Candidate surfaced due to matching concepts: anticoagulation.,TITLE_ONLY
v3.1h-022,CYP2C9 interaction between fluconazole and warfarin,DDI,R3,CYP_DDI,42618000,chunk-42618000-001,Pipamperone metabolism by various recombinant cytochrome preparations.,Pipamperone metabolism by various recombinant cytochrome preparations.,Candidate surfaced due to matching concepts: metabolism.,TITLE_ONLY
v3.1h-022,CYP2C9 interaction between fluconazole and warfarin,DDI,R3,CYP_DDI,42591558,chunk-42591558-001,Physiologically based pharmacokinetic modeling of fluconazole: interpretation of gender-dependent pharmacokinetics and cytochrome P450 inhibition.,Physiologically based pharmacokinetic modeling of fluconazole: interpretation of gender-dependent pharmacokinetics and cytochrome P450 inhibition.,Candidate surfaced due to matching concepts: fluconazole.,FULL_TEXT
v3.1h-022,CYP2C9 interaction between fluconazole and warfarin,DDI,R3,CYP_DDI,42580545,chunk-42580545-001,Non-steroidal anti-inflammatory drugs and CYP2C9 - Impacts of genetics and phenoconversion on the risk of adverse effects.,Non-steroidal anti-inflammatory drugs and CYP2C9 - Impacts of genetics and phenoconversion on the risk of adverse effects.,Candidate surfaced due to matching concepts: cyp2c9.,FULL_TEXT
v3.1h-022,CYP2C9 interaction between fluconazole and warfarin,DDI,R3,CYP_DDI,42676526,chunk-42676526-001,Tricholoma matsutake polypeptide modulates cardiac metabolism and restores autophagic flux to mitigate doxorubicin-induced senescence.,Tricholoma matsutake polypeptide modulates cardiac metabolism and restores autophagic flux to mitigate doxorubicin-induced senescence.,Candidate surfaced due to matching concepts: metabolism.,FULL_TEXT
v3.1h-022,CYP2C9 interaction between fluconazole and warfarin,DDI,R3,CYP_DDI,42055120,chunk-42055120-001,"Impact of Fluoxetine Brain Concentrations, Plasma Exposure, and Neurometabolism on Depressive and Anxiety Symptoms in Adolescents: A Multimodal Fluorine and Proton Magnetic Resonance Spectroscopy Study.","Impact of Fluoxetine Brain Concentrations, Plasma Exposure, and Neurometabolism on Depressive and Anxiety Symptoms in Adolescents: A Multimodal Fluorine and Proton Magnetic Resonance Spectroscopy Study.",Candidate surfaced due to matching concepts: metabolism.,FULL_TEXT
v3.1h-022,CYP2C9 interaction between fluconazole and warfarin,DDI,R3,CYP_DDI,28520369,chunk-28520369-001,Celecoxib Therapy and CYP2C9 Genotype.,Celecoxib Therapy and CYP2C9 Genotype.,Candidate surfaced due to matching concepts: cyp2c9.,TITLE_ONLY
v3.1h-022,CYP2C9 interaction between fluconazole and warfarin,DDI,R3,CYP_DDI,42128628,chunk-42128628-001,Comparative efficacy and safety of apixaban and rivaroxaban versus warfarin in atrial fibrillation patients with end-stage renal disease: a systematic review and meta-analysis.,Comparative efficacy and safety of apixaban and rivaroxaban versus warfarin in atrial fibrillation patients with end-stage renal disease: a systematic review and meta-analysis.,Candidate surfaced due to matching concepts: warfarin.,FULL_TEXT
v3.1h-023,Spironolactone and lisinopril combination risks,DDI,R3,MULTI_ENTITY,42374912,chunk-42374912-001,Risk of Hyperkalemia in Patients with Heart Failure Treated with Spironolactone in Combination with Sacubitril/Valsartan vs. Renin-Angiotensin System Inhibitors.,Risk of Hyperkalemia in Patients with Heart Failure Treated with Spironolactone in Combination with Sacubitril/Valsartan vs. Renin-Angiotensin System Inhibitors.,"Candidate surfaced due to matching concepts: spironolactone, hyperkalemia.",FULL_TEXT
v3.1h-023,Spironolactone and lisinopril combination risks,DDI,R3,MULTI_ENTITY,40825054,chunk-40825054-001,"Analysis of hemorrhagic transformation and intracerebral hemorrhage under combination therapy with alteplase and antiplatelets or anticoagulants, using the Japanese Adverse Drug Event Report database.","Analysis of hemorrhagic transformation and intracerebral hemorrhage under combination therapy with alteplase and antiplatelets or anticoagulants, using the Japanese Adverse Drug Event Report database.",Candidate surfaced due to matching concepts: combination therapy.,FULL_TEXT
v3.1h-023,Spironolactone and lisinopril combination risks,DDI,R3,MULTI_ENTITY,42643702,chunk-42643702-001,Sex-Specific Safety Signals of Finerenone Versus Spironolactone: Insights From the FDA Adverse Event Reporting System.,Sex-Specific Safety Signals of Finerenone Versus Spironolactone: Insights From the FDA Adverse Event Reporting System.,Candidate surfaced due to matching concepts: spironolactone.,FULL_TEXT
v3.1h-023,Spironolactone and lisinopril combination risks,DDI,R3,MULTI_ENTITY,42499456,chunk-42499456-001,"Association of Proximal Tubule Secretion With Hyperkalemia Risk, Treatment Response, and Outcomes in Heart Failure With Preserved Ejection Fraction.","Association of Proximal Tubule Secretion With Hyperkalemia Risk, Treatment Response, and Outcomes in Heart Failure With Preserved Ejection Fraction.",Candidate surfaced due to matching concepts: hyperkalemia.,FULL_TEXT
v3.1h-023,Spironolactone and lisinopril combination risks,DDI,R3,MULTI_ENTITY,38710058,chunk-38710058-001,"The Salutary Effects of Diminazene, Lisinopril or Valsartan on Cisplatin - Induced Acute Kidney Injury in Rats: A Comparative Study.","The Salutary Effects of Diminazene, Lisinopril or Valsartan on Cisplatin - Induced Acute Kidney Injury in Rats: A Comparative Study.",Candidate surfaced due to matching concepts: lisinopril.,FULL_TEXT
v3.1h-023,Spironolactone and lisinopril combination risks,DDI,R3,MULTI_ENTITY,33986677,chunk-33986677-001,"Radiation Increases Bioavailability of Lisinopril, a Mitigator of Radiation-Induced Toxicities.","Radiation Increases Bioavailability of Lisinopril, a Mitigator of Radiation-Induced Toxicities.",Candidate surfaced due to matching concepts: lisinopril.,TITLE_ONLY
v3.1h-023,Spironolactone and lisinopril combination risks,DDI,R3,MULTI_ENTITY,33048477,chunk-33048477-001,Impact of Green Tea Catechin Ingestion on the Pharmacokinetics of Lisinopril in Healthy Volunteers.,Impact of Green Tea Catechin Ingestion on the Pharmacokinetics of Lisinopril in Healthy Volunteers.,Candidate surfaced due to matching concepts: lisinopril.,TITLE_ONLY
v3.1h-046,Idiosyncratic drug induced liver injury mechanisms,ADE,R3,MECHANISM,42677606,chunk-42677606-001,Mitochondrial Unfolded Protein Response Regulates Copper-Induced Oxidative Stress via a Sirt3/FOXO3a Signaling Pathway in Chicken Hepatocytes.,Mitochondrial Unfolded Protein Response Regulates Copper-Induced Oxidative Stress via a Sirt3/FOXO3a Signaling Pathway in Chicken Hepatocytes.,"Candidate surfaced due to matching concepts: mitochondrial, oxidative stress.",FULL_TEXT
v3.1h-046,Idiosyncratic drug induced liver injury mechanisms,ADE,R3,MECHANISM,42667784,chunk-42667784-001,Mechanism of Gegen Qinlian Decoction in the treatment of diabetic cataract based on network pharmacology and experimental validation.,Mechanism of Gegen Qinlian Decoction in the treatment of diabetic cataract based on network pharmacology and experimental validation.,Candidate surfaced due to matching concepts: mechanism.,FULL_TEXT
v3.1h-046,Idiosyncratic drug induced liver injury mechanisms,ADE,R3,MECHANISM,42661734,chunk-42661734-001,Sex-specific effects of resveratrol and metformin on mitochondrial function and inflammatory activation in a TNF-α-driven human iPSC-derived endothelial dysfunction model.,Sex-specific effects of resveratrol and metformin on mitochondrial function and inflammatory activation in a TNF-α-driven human iPSC-derived endothelial dysfunction model.,Candidate surfaced due to matching concepts: mitochondrial.,FULL_TEXT
v3.1h-046,Idiosyncratic drug induced liver injury mechanisms,ADE,R3,MECHANISM,42653808,chunk-42653808-001,"Berberine-Drug Interactions: Mechanisms, Clinical Relevance and Risk Stratification-A Narrative Review.","Berberine-Drug Interactions: Mechanisms, Clinical Relevance and Risk Stratification-A Narrative Review.",Candidate surfaced due to matching concepts: mechanism.,FULL_TEXT
v3.1h-046,Idiosyncratic drug induced liver injury mechanisms,ADE,R3,MECHANISM,42653173,chunk-42653173-001,Molecular Mechanisms of Acute Drug Toxicity in Polypharmacy: Analgesic-Psychotropic Interactions.,Molecular Mechanisms of Acute Drug Toxicity in Polypharmacy: Analgesic-Psychotropic Interactions.,Candidate surfaced due to matching concepts: mechanism.,TITLE_ONLY
v3.1h-046,Idiosyncratic drug induced liver injury mechanisms,ADE,R3,MECHANISM,42677663,chunk-42677663-001,Chronic BDE-47 Exposure Induces DNA Damage in Hepatocytes: Involvement of Oxidative Stress and CYP1A1/2 Upregulation.,Chronic BDE-47 Exposure Induces DNA Damage in Hepatocytes: Involvement of Oxidative Stress and CYP1A1/2 Upregulation.,Candidate surfaced due to matching concepts: oxidative stress.,FULL_TEXT
v3.1h-046,Idiosyncratic drug induced liver injury mechanisms,ADE,R3,MECHANISM,42674049,chunk-42674049-001,A Near-Infrared Fluorescent Probe for Imaging Nitroxyl Dynamics in Ferroptosis-Associated Drug-Induced Liver Injury.,A Near-Infrared Fluorescent Probe for Imaging Nitroxyl Dynamics in Ferroptosis-Associated Drug-Induced Liver Injury.,Candidate surfaced due to matching concepts: drug-induced liver injury.,FULL_TEXT
v3.1h-046,Idiosyncratic drug induced liver injury mechanisms,ADE,R3,MECHANISM,42678094,chunk-42678094-001,Deciphering the Mechanisms of Statin-Ezetimibe Drug Combinations Using Boolean Logical Modeling and Transcriptomic Data.,Deciphering the Mechanisms of Statin-Ezetimibe Drug Combinations Using Boolean Logical Modeling and Transcriptomic Data.,Candidate surfaced due to matching concepts: mechanism.,FULL_TEXT
v3.1h-046,Idiosyncratic drug induced liver injury mechanisms,ADE,R3,MECHANISM,42681676,chunk-42681676-001,Targeting breast cancer stem cells by restoring RBM38 function: mechanism and protein delivery therapy.,Targeting breast cancer stem cells by restoring RBM38 function: mechanism and protein delivery therapy.,Candidate surfaced due to matching concepts: mechanism.,FULL_TEXT
v3.1h-046,Idiosyncratic drug induced liver injury mechanisms,ADE,R3,MECHANISM,42670540,chunk-42670540-001,Mechanisms and the Role of p38 MAPK Signaling in Doxorubicin-Induced Cardiotoxicity: A Review.,Mechanisms and the Role of p38 MAPK Signaling in Doxorubicin-Induced Cardiotoxicity: A Review.,Candidate surfaced due to matching concepts: mechanism.,TITLE_ONLY
v3.1h-046,Idiosyncratic drug induced liver injury mechanisms,ADE,R3,MECHANISM,42628776,chunk-42628776-001,Differentiating hepatic and renal toxicity reveals CYP-independent mechanisms of acetaminophen-induced acute kidney injury.,Differentiating hepatic and renal toxicity reveals CYP-independent mechanisms of acetaminophen-induced acute kidney injury.,Candidate surfaced due to matching concepts: mechanism.,FULL_TEXT
v3.1h-046,Idiosyncratic drug induced liver injury mechanisms,ADE,R3,MECHANISM,42318218,chunk-42318218-001,A case report and literature review of proton pump inhibitors inducing insulin autoimmune syndrome.,A case report and literature review of proton pump inhibitors inducing insulin autoimmune syndrome.,Candidate surfaced due to matching concepts: immune.,TITLE_ONLY
v3.1h-047,Spironolactone induced hyperkalemia,ADE,R3,SYNONYM,42374912,chunk-42374912-001,Risk of Hyperkalemia in Patients with Heart Failure Treated with Spironolactone in Combination with Sacubitril/Valsartan vs. Renin-Angiotensin System Inhibitors.,Risk of Hyperkalemia in Patients with Heart Failure Treated with Spironolactone in Combination with Sacubitril/Valsartan vs. Renin-Angiotensin System Inhibitors.,"Candidate surfaced due to matching concepts: spironolactone, hyperkalemia, heart failure.",FULL_TEXT
v3.1h-047,Spironolactone induced hyperkalemia,ADE,R3,SYNONYM,42499456,chunk-42499456-001,"Association of Proximal Tubule Secretion With Hyperkalemia Risk, Treatment Response, and Outcomes in Heart Failure With Preserved Ejection Fraction.","Association of Proximal Tubule Secretion With Hyperkalemia Risk, Treatment Response, and Outcomes in Heart Failure With Preserved Ejection Fraction.","Candidate surfaced due to matching concepts: hyperkalemia, heart failure.",FULL_TEXT
v3.1h-047,Spironolactone induced hyperkalemia,ADE,R3,SYNONYM,42643702,chunk-42643702-001,Sex-Specific Safety Signals of Finerenone Versus Spironolactone: Insights From the FDA Adverse Event Reporting System.,Sex-Specific Safety Signals of Finerenone Versus Spironolactone: Insights From the FDA Adverse Event Reporting System.,Candidate surfaced due to matching concepts: spironolactone.,FULL_TEXT
v3.1h-047,Spironolactone induced hyperkalemia,ADE,R3,SYNONYM,42484991,chunk-42484991-001,Budget Impact of Eplerenone for Heart Failure with Reduced Ejection Fraction: National Perspective and Regional Implications in Italy.,Budget Impact of Eplerenone for Heart Failure with Reduced Ejection Fraction: National Perspective and Regional Implications in Italy.,Candidate surfaced due to matching concepts: heart failure.,FULL_TEXT
v3.1h-047,Spironolactone induced hyperkalemia,ADE,R3,SYNONYM,29262813,chunk-29262813-001,Renoprotective RAAS inhibition does not affect the association between worse renal function and higher plasma aldosterone levels.,Renoprotective RAAS inhibition does not affect the association between worse renal function and higher plasma aldosterone levels.,Candidate surfaced due to matching concepts: renal function.,FULL_TEXT
v3.1h-047,Spironolactone induced hyperkalemia,ADE,R3,SYNONYM,42359186,chunk-42359186-001,Early-Onset Amiodarone Pulmonary Toxicity at a Standard Maintenance Dose Masquerading as Decompensated Heart Failure: A Case Report and Literature Review.,Early-Onset Amiodarone Pulmonary Toxicity at a Standard Maintenance Dose Masquerading as Decompensated Heart Failure: A Case Report and Literature Review.,Candidate surfaced due to matching concepts: heart failure.,FULL_TEXT
v3.1h-047,Spironolactone induced hyperkalemia,ADE,R3,SYNONYM,42398817,chunk-42398817-001,Rediscovering digitalis in heart failure with reduced ejection fraction: Current evidence and expert survey on contemporary use.,Rediscovering digitalis in heart failure with reduced ejection fraction: Current evidence and expert survey on contemporary use.,Candidate surfaced due to matching concepts: heart failure.,FULL_TEXT
v3.1h-047,Spironolactone induced hyperkalemia,ADE,R3,SYNONYM,42216360,chunk-42216360-001,Real-world off-label apixaban dosing and clinical outcomes in patients with heart failure and end-stage kidney disease.,Real-world off-label apixaban dosing and clinical outcomes in patients with heart failure and end-stage kidney disease.,Candidate surfaced due to matching concepts: heart failure.,FULL_TEXT
v3.1h-066,Metformin contraindication in severe renal disease,Medication_Safety,R3,PARAPHRASE,32699722,chunk-32699722-001,Metformin Associated Lactic Acidosis in the Intensive Care Unit: A Rare Condition Mimicking Sepsis.,Metformin Associated Lactic Acidosis in the Intensive Care Unit: A Rare Condition Mimicking Sepsis.,"Candidate surfaced due to matching concepts: metformin, lactic acidosis.",TITLE_ONLY
v3.1h-066,Metformin contraindication in severe renal disease,Medication_Safety,R3,PARAPHRASE,42661734,chunk-42661734-001,Sex-specific effects of resveratrol and metformin on mitochondrial function and inflammatory activation in a TNF-α-driven human iPSC-derived endothelial dysfunction model.,Sex-specific effects of resveratrol and metformin on mitochondrial function and inflammatory activation in a TNF-α-driven human iPSC-derived endothelial dysfunction model.,Candidate surfaced due to matching concepts: metformin.,FULL_TEXT
v3.1h-066,Metformin contraindication in severe renal disease,Medication_Safety,R3,PARAPHRASE,41177211,chunk-41177211-001,Biomedical pharmacology study on metformin and glucose (PMID 41177211),Metformin decreases hepatic glucose production and decreases intestinal absorption of glucose.,Candidate surfaced due to matching concepts: metformin.,TITLE_ONLY
v3.1h-066,Metformin contraindication in severe renal disease,Medication_Safety,R3,PARAPHRASE,42636576,chunk-42636576-001,"Real-world variability and factors associated with individual low-density-lipoprotein cholesterol response to different doses of atorvastatin, rosuvastatin, and simvastatin in 28,647 Chinese patients.","Real-world variability and factors associated with individual low-density-lipoprotein cholesterol response to different doses of atorvastatin, rosuvastatin, and simvastatin in 28,647 Chinese patients.",Candidate surfaced due to matching concepts: dose.,FULL_TEXT
v3.1h-066,Metformin contraindication in severe renal disease,Medication_Safety,R3,PARAPHRASE,42475421,chunk-42475421-001,"Vascular Endothelial Growth Factor Receptor 1-Blocking Antibody Improves Endothelial Structure, Kidney Function, and GFR in Diabetic Mice.","Vascular Endothelial Growth Factor Receptor 1-Blocking Antibody Improves Endothelial Structure, Kidney Function, and GFR in Diabetic Mice.",Candidate surfaced due to matching concepts: kidney function.,FULL_TEXT
v3.1h-066,Metformin contraindication in severe renal disease,Medication_Safety,R3,PARAPHRASE,42438581,chunk-42438581-001,Unmasking Refractory Hypothyroidism: Persistent Iron-Levothyroxine Interaction Despite Appropriate Dose Separation.,Unmasking Refractory Hypothyroidism: Persistent Iron-Levothyroxine Interaction Despite Appropriate Dose Separation.,Candidate surfaced due to matching concepts: dose.,FULL_TEXT
v3.1h-066,Metformin contraindication in severe renal disease,Medication_Safety,R3,PARAPHRASE,41748094,chunk-41748094-001,Heart Rate-Corrected QT Interval Dynamics Following Antidepressant Switching from Escitalopram to High-Dose Venlafaxine: Cardiac Safety Insights from the Early Medication Change Cohort.,Heart Rate-Corrected QT Interval Dynamics Following Antidepressant Switching from Escitalopram to High-Dose Venlafaxine: Cardiac Safety Insights from the Early Medication Change Cohort.,Candidate surfaced due to matching concepts: dose.,FULL_TEXT
v3.1h-066,Metformin contraindication in severe renal disease,Medication_Safety,R3,PARAPHRASE,42359186,chunk-42359186-001,Early-Onset Amiodarone Pulmonary Toxicity at a Standard Maintenance Dose Masquerading as Decompensated Heart Failure: A Case Report and Literature Review.,Early-Onset Amiodarone Pulmonary Toxicity at a Standard Maintenance Dose Masquerading as Decompensated Heart Failure: A Case Report and Literature Review.,Candidate surfaced due to matching concepts: dose.,FULL_TEXT
v3.1h-066,Metformin contraindication in severe renal disease,Medication_Safety,R3,PARAPHRASE,42332214,chunk-42332214-001,Optimizing Amiodarone Maintenance Dose to Minimize N-Desethylamiodarone Accumulation and Pulmonary Toxicity: Insights from Machine Learning and Pharmacokinetic Simulation.,Optimizing Amiodarone Maintenance Dose to Minimize N-Desethylamiodarone Accumulation and Pulmonary Toxicity: Insights from Machine Learning and Pharmacokinetic Simulation.,Candidate surfaced due to matching concepts: dose.,FULL_TEXT
v3.1h-066,Metformin contraindication in severe renal disease,Medication_Safety,R3,PARAPHRASE,42295720,chunk-42295720-001,Continuous alternate day vs intermittent daily fixed doses of oral isotretinoin in grade 2 acne vulgaris.,Continuous alternate day vs intermittent daily fixed doses of oral isotretinoin in grade 2 acne vulgaris.,Candidate surfaced due to matching concepts: dose.,FULL_TEXT
v3.1h-066,Metformin contraindication in severe renal disease,Medication_Safety,R3,PARAPHRASE,42663261,chunk-42663261-001,"Clinical outcomes of ""massive"" acetaminophen overdose treated with standard vs. augmented dose acetylcysteine.","Clinical outcomes of ""massive"" acetaminophen overdose treated with standard vs. augmented dose acetylcysteine.",Candidate surfaced due to matching concepts: dose.,FULL_TEXT
v3.1h-066,Metformin contraindication in severe renal disease,Medication_Safety,R3,PARAPHRASE,41323006,chunk-41323006-001,"Randomized, Double-Blind, Placebo-Controlled, Dose-Ranging Comparison of the Analgesic Efficacy and Safety of Intravenous Ketoprofen, Tramadol, and Morphine After Bony Impacted Mandibular Third Molar Surgery.","Randomized, Double-Blind, Placebo-Controlled, Dose-Ranging Comparison of the Analgesic Efficacy and Safety of Intravenous Ketoprofen, Tramadol, and Morphine After Bony Impacted Mandibular Third Molar Surgery.",Candidate surfaced due to matching concepts: dose.,FULL_TEXT
v3.1h-066,Metformin contraindication in severe renal disease,Medication_Safety,R3,PARAPHRASE,41158891,chunk-41158891-001,Seizures Following Single-Dose Intravenous Tramadol for Postsurgical Pain: A Report of Two Cases.,Seizures Following Single-Dose Intravenous Tramadol for Postsurgical Pain: A Report of Two Cases.,Candidate surfaced due to matching concepts: dose.,TITLE_ONLY
v3.1h-066,Metformin contraindication in severe renal disease,Medication_Safety,R3,PARAPHRASE,42670022,chunk-42670022-001,Apixaban Dose Selection in Kidney Failure: Reconciling Pharmacokinetics and Clinical Outcomes.,Apixaban Dose Selection in Kidney Failure: Reconciling Pharmacokinetics and Clinical Outcomes.,Candidate surfaced due to matching concepts: dose.,TITLE_ONLY
v3.1h-066,Metformin contraindication in severe renal disease,Medication_Safety,R3,PARAPHRASE,42394350,chunk-42394350-001,"The DOAC-FRAIL Study-Same Dose, Different Story: Prevalence of Deviant Direct Oral Anticoagulant Levels in Nursing Home Residents.","The DOAC-FRAIL Study-Same Dose, Different Story: Prevalence of Deviant Direct Oral Anticoagulant Levels in Nursing Home Residents.",Candidate surfaced due to matching concepts: dose.,FULL_TEXT
v3.1h-067,Warfarin target INR monitoring,Medication_Safety,R3,PARAPHRASE,42679743,chunk-42679743-001,Dual-response mitochondria-targeted fluorescent probe for Hypochlorous acid and viscosity: Applications in liver injury diagnosis and environmental monitoring.,Dual-response mitochondria-targeted fluorescent probe for Hypochlorous acid and viscosity: Applications in liver injury diagnosis and environmental monitoring.,Candidate surfaced due to matching concepts: monitoring.,FULL_TEXT
v3.1h-067,Warfarin target INR monitoring,Medication_Safety,R3,PARAPHRASE,42246839,chunk-42246839-001,Routine blood monitoring in acne vulgaris patients on isotretinoin: Is reassessment warranted? A retrospective cohort study from Tygerberg Hospital.,Routine blood monitoring in acne vulgaris patients on isotretinoin: Is reassessment warranted? A retrospective cohort study from Tygerberg Hospital.,Candidate surfaced due to matching concepts: monitoring.,FULL_TEXT
v3.1h-067,Warfarin target INR monitoring,Medication_Safety,R3,PARAPHRASE,42121128,chunk-42121128-001,Evaluation of drugs and risk factors requiring therapeutic drug monitoring in the Neonatal Intensive Care Unit: a retrospective study.,Evaluation of drugs and risk factors requiring therapeutic drug monitoring in the Neonatal Intensive Care Unit: a retrospective study.,Candidate surfaced due to matching concepts: monitoring.,FULL_TEXT
v3.1h-067,Warfarin target INR monitoring,Medication_Safety,R3,PARAPHRASE,42128628,chunk-42128628-001,Comparative efficacy and safety of apixaban and rivaroxaban versus warfarin in atrial fibrillation patients with end-stage renal disease: a systematic review and meta-analysis.,Comparative efficacy and safety of apixaban and rivaroxaban versus warfarin in atrial fibrillation patients with end-stage renal disease: a systematic review and meta-analysis.,Candidate surfaced due to matching concepts: warfarin.,FULL_TEXT
v3.1h-069,Diagnosis of drug induced hepatotoxicity,Medication_Safety,R3,PARAPHRASE,42679743,chunk-42679743-001,Dual-response mitochondria-targeted fluorescent probe for Hypochlorous acid and viscosity: Applications in liver injury diagnosis and environmental monitoring.,Dual-response mitochondria-targeted fluorescent probe for Hypochlorous acid and viscosity: Applications in liver injury diagnosis and environmental monitoring.,Candidate surfaced due to matching concepts: diagnosis.,FULL_TEXT
v3.1h-069,Diagnosis of drug induced hepatotoxicity,Medication_Safety,R3,PARAPHRASE,42674049,chunk-42674049-001,A Near-Infrared Fluorescent Probe for Imaging Nitroxyl Dynamics in Ferroptosis-Associated Drug-Induced Liver Injury.,A Near-Infrared Fluorescent Probe for Imaging Nitroxyl Dynamics in Ferroptosis-Associated Drug-Induced Liver Injury.,Candidate surfaced due to matching concepts: drug-induced liver injury.,FULL_TEXT
v3.1h-069,Diagnosis of drug induced hepatotoxicity,Medication_Safety,R3,PARAPHRASE,42633086,chunk-42633086-001,Nivolumab after recurrent pembrolizumab-associated hepatotoxicity in PD-L1-high metastatic squamous non-small cell lung cancer: a case report.,Nivolumab after recurrent pembrolizumab-associated hepatotoxicity in PD-L1-high metastatic squamous non-small cell lung cancer: a case report.,Candidate surfaced due to matching concepts: hepatotoxicity.,FULL_TEXT
