case_id,query,claim_type,risk_tier,difficulty,document_id,chunk_id,document_title,document_text,ai_suggested_label,ai_suggested_evidence,ai_suggested_reason,ai_suggested_confidence,human_decision,human_final_label,human_evidence_span,human_annotation_reason,human_confidence,human_agreement,human_annotator_id,human_review_timestamp
v3.1h-001,How does metformin inhibit hepatic gluconeogenesis?,Pharmacology,R1,MECHANISM,41177211,chunk-41177211-001,Biomedical pharmacology study on metformin and glucose (PMID 41177211),Metformin decreases hepatic glucose production and decreases intestinal absorption of glucose.,INSUFFICIENT_SOURCE_TEXT,,Frozen source contains only limited text (title).,LOW,,DIRECT_SUPPORT,Metformin decreases hepatic glucose production and decreases intestinal absorption of glucose.,"The source explicitly states that metformin decreases hepatic glucose production, which directly addresses the queried mechanism of inhibition of hepatic gluconeogenesis.",HIGH,DISAGREE,Reviewer_A,2026-09-03T06:34:18Z
v3.1h-001,How does metformin inhibit hepatic gluconeogenesis?,Pharmacology,R1,MECHANISM,42661734,chunk-42661734-001,Sex-specific effects of resveratrol and metformin on mitochondrial function and inflammatory activation in a TNF-α-driven human iPSC-derived endothelial dysfunction model.,Sex-specific effects of resveratrol and metformin on mitochondrial function and inflammatory activation in a TNF-α-driven human iPSC-derived endothelial dysfunction model.,PARTIAL_SUPPORT,,Contains overlapping clinical concepts: Candidate surfaced due to matching concepts: metformin.,LOW,,NOT_RELEVANT,,"The available source contains only the title, and the title concerns AMPK activators generally. It does not provide evidence that this document explains how metformin inhibits hepatic gluconeogenesis.",HIGH,DISAGREE,Reviewer_A,2026-09-03T06:34:18Z
v3.1h-001,How does metformin inhibit hepatic gluconeogenesis?,Pharmacology,R1,MECHANISM,42679743,chunk-42679743-001,Dual-response mitochondria-targeted fluorescent probe for Hypochlorous acid and viscosity: Applications in liver injury diagnosis and environmental monitoring.,Dual-response mitochondria-targeted fluorescent probe for Hypochlorous acid and viscosity: Applications in liver injury diagnosis and environmental monitoring.,PARTIAL_SUPPORT,,Contains overlapping clinical concepts: Candidate surfaced due to matching concepts: liver.,LOW,,NOT_RELEVANT,,"The document concerns liver injury diagnosis and fluorescent probes, but it does not provide evidence about metformin or hepatic gluconeogenesis.",HIGH,DISAGREE,Reviewer_A,2026-09-03T06:35:31Z
v3.1h-001,How does metformin inhibit hepatic gluconeogenesis?,Pharmacology,R1,MECHANISM,42678243,chunk-42678243-001,MSCs overexpressing FGF21 alleviate acetaminophen-induced acute liver injury by eliciting macrophage-mediated phagocytosis.,MSCs overexpressing FGF21 alleviate acetaminophen-induced acute liver injury by eliciting macrophage-mediated phagocytosis.,PARTIAL_SUPPORT,,Contains overlapping clinical concepts: Candidate surfaced due to matching concepts: liver.,LOW,,NOT_RELEVANT,,The document concerns acetaminophen-induced acute liver injury and does not provide evidence about metformin or hepatic gluconeogenesis.,HIGH,DISAGREE,Reviewer_A,2026-09-03T06:36:30Z
v3.1h-001,How does metformin inhibit hepatic gluconeogenesis?,Pharmacology,R1,MECHANISM,42674049,chunk-42674049-001,A Near-Infrared Fluorescent Probe for Imaging Nitroxyl Dynamics in Ferroptosis-Associated Drug-Induced Liver Injury.,A Near-Infrared Fluorescent Probe for Imaging Nitroxyl Dynamics in Ferroptosis-Associated Drug-Induced Liver Injury.,PARTIAL_SUPPORT,,Contains overlapping clinical concepts: Candidate surfaced due to matching concepts: liver.,LOW,,NOT_RELEVANT,,"The document concerns ferroptosis-associated drug-induced liver injury and fluorescent imaging, but it does not provide evidence about metformin or hepatic gluconeogenesis.",HIGH,DISAGREE,Reviewer_A,2026-09-03T06:37:52Z
v3.1h-001,How does metformin inhibit hepatic gluconeogenesis?,Pharmacology,R1,MECHANISM,42680287,chunk-42680287-001,Lipid-lowering and hepatoprotective effects of Ocimum sanctum L. (Thai holy basil) flower against MASLD and liver inflammation in rats.,Lipid-lowering and hepatoprotective effects of Ocimum sanctum L. (Thai holy basil) flower against MASLD and liver inflammation in rats.,PARTIAL_SUPPORT,,Contains overlapping clinical concepts: Candidate surfaced due to matching concepts: liver.,LOW,,NOT_RELEVANT,,"The document concerns hepatoprotective effects of Thai holy basil in liver disease models, but it does not provide evidence about metformin or hepatic gluconeogenesis.",HIGH,DISAGREE,Reviewer_A,2026-09-03T06:39:06Z
v3.1h-001,How does metformin inhibit hepatic gluconeogenesis?,Pharmacology,R1,MECHANISM,42632694,chunk-42632694-001,Oral co-delivery of quercetin and anthocyanins via dual-ligand nanoparticles alleviate obesity and associated metabolic disorders.,Oral co-delivery of quercetin and anthocyanins via dual-ligand nanoparticles alleviate obesity and associated metabolic disorders.,PARTIAL_SUPPORT,,Contains overlapping clinical concepts: Candidate surfaced due to matching concepts: liver.,LOW,,NOT_RELEVANT,,"The document concerns quercetin, anthocyanins, obesity, and metabolic disorders, but it does not provide evidence about metformin or hepatic gluconeogenesis.",HIGH,DISAGREE,Reviewer_A,2026-09-03T06:40:35Z
v3.1h-001,How does metformin inhibit hepatic gluconeogenesis?,Pharmacology,R1,MECHANISM,32699722,chunk-32699722-001,Metformin Associated Lactic Acidosis in the Intensive Care Unit: A Rare Condition Mimicking Sepsis.,Metformin Associated Lactic Acidosis in the Intensive Care Unit: A Rare Condition Mimicking Sepsis.,INSUFFICIENT_SOURCE_TEXT,,Frozen source contains only limited text (title).,LOW,,NOT_RELEVANT,,"The document concerns metformin-associated lactic acidosis, but the available source does not provide evidence explaining how metformin inhibits hepatic gluconeogenesis.",HIGH,DISAGREE,Reviewer_A,2026-09-03T06:41:33Z
v3.1h-001,How does metformin inhibit hepatic gluconeogenesis?,Pharmacology,R1,MECHANISM,42681676,chunk-42681676-001,Targeting breast cancer stem cells by restoring RBM38 function: mechanism and protein delivery therapy.,Targeting breast cancer stem cells by restoring RBM38 function: mechanism and protein delivery therapy.,PARTIAL_SUPPORT,,Contains overlapping clinical concepts: Candidate surfaced due to matching concepts: liver.,LOW,,NOT_RELEVANT,,"The document concerns breast cancer stem cells and protein delivery therapy, but it does not provide evidence about metformin or hepatic gluconeogenesis.",HIGH,DISAGREE,Reviewer_A,2026-09-03T06:42:43Z
v3.1h-001,How does metformin inhibit hepatic gluconeogenesis?,Pharmacology,R1,MECHANISM,42662744,chunk-42662744-001,Perfluoroether Peptide-Modified Artificial Viral Capsid for Enhanced Doxorubicin Delivery to Liver Cancer Cells.,Perfluoroether Peptide-Modified Artificial Viral Capsid for Enhanced Doxorubicin Delivery to Liver Cancer Cells.,PARTIAL_SUPPORT,,Contains overlapping clinical concepts: Candidate surfaced due to matching concepts: liver.,LOW,,NOT_RELEVANT,,"The document concerns doxorubicin delivery to liver cancer cells, but it does not provide evidence about metformin or hepatic gluconeogenesis.",HIGH,DISAGREE,Reviewer_A,2026-09-03T06:43:38Z
v3.1h-001,How does metformin inhibit hepatic gluconeogenesis?,Pharmacology,R1,MECHANISM,42652369,chunk-42652369-001,"Shifting Public Interest in Liver Health, Hepatotoxic Medications, and Dietary Supplements in Kazakhstan: A Five-Year Google Trends Infodemiology Study.","Shifting Public Interest in Liver Health, Hepatotoxic Medications, and Dietary Supplements in Kazakhstan: A Five-Year Google Trends Infodemiology Study.",PARTIAL_SUPPORT,,Contains overlapping clinical concepts: Candidate surfaced due to matching concepts: liver.,LOW,,NOT_RELEVANT,,The document concerns Google Trends/liver health and does not provide evidence about metformin's inhibition of hepatic gluconeogenesis.,HIGH,DISAGREE,Reviewer_A,2026-09-03T06:45:15Z
v3.1h-001,How does metformin inhibit hepatic gluconeogenesis?,Pharmacology,R1,MECHANISM,42638417,chunk-42638417-001,The Bacterial Metabolite Lndole-3-Propionic Acid Alleviates Acetaminophen-Induced Acute Liver Injury Partly through the Aryl Hydrocarbon Receptor Pathway.,The Bacterial Metabolite Lndole-3-Propionic Acid Alleviates Acetaminophen-Induced Acute Liver Injury Partly through the Aryl Hydrocarbon Receptor Pathway.,PARTIAL_SUPPORT,,Contains overlapping clinical concepts: Candidate surfaced due to matching concepts: liver.,LOW,,NOT_RELEVANT,,The document concerns acetaminophen-induced acute liver injury and does not provide evidence about metformin's inhibition of hepatic gluconeogenesis.,HIGH,DISAGREE,Reviewer_A,2026-09-03T06:45:15Z
v3.1h-001,How does metformin inhibit hepatic gluconeogenesis?,Pharmacology,R1,MECHANISM,42631638,chunk-42631638-001,Diallyl trisulfide ameliorates acetaminophen-induced acute liver injury through the oxidative modification of CYP2E1 cysteine residues.,Diallyl trisulfide ameliorates acetaminophen-induced acute liver injury through the oxidative modification of CYP2E1 cysteine residues.,PARTIAL_SUPPORT,,Contains overlapping clinical concepts: Candidate surfaced due to matching concepts: liver.,LOW,,NOT_RELEVANT,,The document concerns acetaminophen-induced acute liver injury and does not provide evidence about metformin's inhibition of hepatic gluconeogenesis.,HIGH,DISAGREE,Reviewer_A,2026-09-03T06:45:15Z
v3.1h-001,How does metformin inhibit hepatic gluconeogenesis?,Pharmacology,R1,MECHANISM,42595240,chunk-42595240-001,Xenobiotic-Induced Liver Injury in the United States: A 25-Year Retrospective Analysis of National Poison Data System.,Xenobiotic-Induced Liver Injury in the United States: A 25-Year Retrospective Analysis of National Poison Data System.,PARTIAL_SUPPORT,,Contains overlapping clinical concepts: Candidate surfaced due to matching concepts: liver.,LOW,,NOT_RELEVANT,,The document concerns xenobiotic-induced liver injury and does not provide evidence about metformin's inhibition of hepatic gluconeogenesis.,HIGH,DISAGREE,Reviewer_A,2026-09-03T06:45:15Z
v3.1h-002,Clearance pathway for lisinopril,Pharmacology,R1,MECHANISM,33048477,chunk-33048477-001,Impact of Green Tea Catechin Ingestion on the Pharmacokinetics of Lisinopril in Healthy Volunteers.,Impact of Green Tea Catechin Ingestion on the Pharmacokinetics of Lisinopril in Healthy Volunteers.,INSUFFICIENT_SOURCE_TEXT,,Frozen source contains only limited text (title).,LOW,,NO_EVIDENCE,,"The document is relevant to lisinopril pharmacokinetics, but the frozen corpus provides only the title and no source passage establishing the clearance pathway.",LOW,DISAGREE,Reviewer_A,2026-09-03T06:46:47Z
v3.1h-002,Clearance pathway for lisinopril,Pharmacology,R1,MECHANISM,42591558,chunk-42591558-001,Physiologically based pharmacokinetic modeling of fluconazole: interpretation of gender-dependent pharmacokinetics and cytochrome P450 inhibition.,Physiologically based pharmacokinetic modeling of fluconazole: interpretation of gender-dependent pharmacokinetics and cytochrome P450 inhibition.,PARTIAL_SUPPORT,,Contains overlapping clinical concepts: Candidate surfaced due to matching concepts: pharmacokinetics.,LOW,,NOT_RELEVANT,,"The document concerns fluconazole pharmacokinetics and cytochrome P450 inhibition, but it does not provide evidence about the clearance pathway of lisinopril.",HIGH,DISAGREE,Reviewer_A,2026-09-03T06:49:07Z
v3.1h-002,Clearance pathway for lisinopril,Pharmacology,R1,MECHANISM,42571795,chunk-42571795-001,Mechanistic insights into cytochrome P450 inhibition by progesterone and its impact on fluoxetine pharmacokinetics.,Mechanistic insights into cytochrome P450 inhibition by progesterone and its impact on fluoxetine pharmacokinetics.,PARTIAL_SUPPORT,,Contains overlapping clinical concepts: Candidate surfaced due to matching concepts: pharmacokinetics.,LOW,,NOT_RELEVANT,,"The document concerns cytochrome P450 inhibition by progesterone and fluoxetine pharmacokinetics, but it does not provide evidence about the clearance pathway of lisinopril.",HIGH,DISAGREE,Reviewer_A,2026-09-03T06:50:05Z
v3.1h-002,Clearance pathway for lisinopril,Pharmacology,R1,MECHANISM,38710058,chunk-38710058-001,"The Salutary Effects of Diminazene, Lisinopril or Valsartan on Cisplatin - Induced Acute Kidney Injury in Rats: A Comparative Study.","The Salutary Effects of Diminazene, Lisinopril or Valsartan on Cisplatin - Induced Acute Kidney Injury in Rats: A Comparative Study.",PARTIAL_SUPPORT,,Contains overlapping clinical concepts: Candidate surfaced due to matching concepts: lisinopril.,LOW,,NOT_RELEVANT,,"The document discusses the effects of lisinopril in a cisplatin-induced kidney injury model, but it does not provide evidence about the clearance pathway or pharmacokinetics of lisinopril.",HIGH,DISAGREE,Reviewer_A,2026-09-03T06:50:54Z
v3.1h-002,Clearance pathway for lisinopril,Pharmacology,R1,MECHANISM,33986677,chunk-33986677-001,"Radiation Increases Bioavailability of Lisinopril, a Mitigator of Radiation-Induced Toxicities.","Radiation Increases Bioavailability of Lisinopril, a Mitigator of Radiation-Induced Toxicities.",INSUFFICIENT_SOURCE_TEXT,,Frozen source contains only limited text (title).,LOW,,NO_EVIDENCE,,"The document concerns lisinopril bioavailability and pharmacokinetics, but the available frozen source contains only the title and no evidence establishing the clearance pathway of lisinopril.",LOW,DISAGREE,Reviewer_A,2026-09-03T06:51:40Z
v3.1h-002,Clearance pathway for lisinopril,Pharmacology,R1,MECHANISM,40771914,chunk-40771914-001,"Pharmacodynamics, pharmacokinetics, interactions with other drugs, toxicity and clinical effectiveness of proton pump inhibitors.","Pharmacodynamics, pharmacokinetics, interactions with other drugs, toxicity and clinical effectiveness of proton pump inhibitors.",PARTIAL_SUPPORT,,Contains overlapping clinical concepts: Candidate surfaced due to matching concepts: pharmacokinetics.,LOW,,NOT_RELEVANT,,"The document concerns the pharmacokinetics and clinical effects of proton pump inhibitors, but it does not provide evidence about the clearance pathway of lisinopril.",HIGH,DISAGREE,Reviewer_A,2026-09-03T06:52:30Z
v3.1h-002,Clearance pathway for lisinopril,Pharmacology,R1,MECHANISM,39430173,chunk-39430173-001,Prospective Trial on the Pharmacokinetics of Clopidogrel in Hemodialysis Patients.,Prospective Trial on the Pharmacokinetics of Clopidogrel in Hemodialysis Patients.,INSUFFICIENT_SOURCE_TEXT,,Frozen source contains only limited text (title).,LOW,,NOT_RELEVANT,,The document concerns the pharmacokinetics of clopidogrel in hemodialysis patients and does not provide evidence about the clearance pathway of lisinopril.,HIGH,DISAGREE,Reviewer_A,2026-09-03T06:53:29Z
v3.1h-002,Clearance pathway for lisinopril,Pharmacology,R1,MECHANISM,42670022,chunk-42670022-001,Apixaban Dose Selection in Kidney Failure: Reconciling Pharmacokinetics and Clinical Outcomes.,Apixaban Dose Selection in Kidney Failure: Reconciling Pharmacokinetics and Clinical Outcomes.,INSUFFICIENT_SOURCE_TEXT,,Frozen source contains only limited text (title).,LOW,,NOT_RELEVANT,,"The document concerns apixaban dose selection and pharmacokinetics in kidney failure, but it does not provide evidence about the clearance pathway of lisinopril.",HIGH,DISAGREE,Reviewer_A,2026-09-03T06:54:17Z
v3.1h-002,Clearance pathway for lisinopril,Pharmacology,R1,MECHANISM,42654146,chunk-42654146-001,Moxifloxacin-Mediated Downregulation of Intestinal P-Glycoprotein Alters the Pharmacokinetics of Dabigatran Etexilate: Mechanistic Insights in Rats and PBPK Model-Informed Dose Optimization.,Moxifloxacin-Mediated Downregulation of Intestinal P-Glycoprotein Alters the Pharmacokinetics of Dabigatran Etexilate: Mechanistic Insights in Rats and PBPK Model-Informed Dose Optimization.,PARTIAL_SUPPORT,,Contains overlapping clinical concepts: Candidate surfaced due to matching concepts: pharmacokinetics.,LOW,,NOT_RELEVANT,,"The document concerns the pharmacokinetics of dabigatran etexilate and the effects of moxifloxacin on intestinal P-glycoprotein, but it does not provide evidence about the clearance pathway of lisinopril.",HIGH,DISAGREE,Reviewer_A,2026-09-03T06:55:06Z
v3.1h-021,Concomitant use of warfarin and aspirin bleeding risk,DDI,R3,MULTI_ENTITY,40825054,chunk-40825054-001,"Analysis of hemorrhagic transformation and intracerebral hemorrhage under combination therapy with alteplase and antiplatelets or anticoagulants, using the Japanese Adverse Drug Event Report database.","Analysis of hemorrhagic transformation and intracerebral hemorrhage under combination therapy with alteplase and antiplatelets or anticoagulants, using the Japanese Adverse Drug Event Report database.",PARTIAL_SUPPORT,,Contains overlapping clinical concepts: Candidate surfaced due to matching concepts: hemorrhage.,LOW,,NO_EVIDENCE,,"The document concerns hemorrhagic complications involving alteplase with antiplatelet or anticoagulant therapy, but the available frozen source does not establish a specific warfarin-plus-aspirin bleeding interaction.",LOW,DISAGREE,Reviewer_A,2026-09-03T06:56:13Z
v3.1h-021,Concomitant use of warfarin and aspirin bleeding risk,DDI,R3,MULTI_ENTITY,40198642,chunk-40198642-001,Impact of Ginkgo biloba drug interactions on bleeding risk and coagulation profiles: A comprehensive analysis.,Impact of Ginkgo biloba drug interactions on bleeding risk and coagulation profiles: A comprehensive analysis.,PARTIAL_SUPPORT,,Contains overlapping clinical concepts: Candidate surfaced due to matching concepts: bleeding.,LOW,,NOT_RELEVANT,,"The document concerns Ginkgo biloba drug interactions and bleeding risk, but it does not provide evidence about the specific warfarin-plus-aspirin bleeding risk queried.",HIGH,DISAGREE,Reviewer_A,2026-09-03T07:31:10Z
v3.1h-021,Concomitant use of warfarin and aspirin bleeding risk,DDI,R3,MULTI_ENTITY,40915652,chunk-40915652-001,Nonsteroidal Anti-Inflammatory Drugs and Risk of Gastrointestinal Bleeding: A Systematic Review and Meta-Analysis.,Nonsteroidal Anti-Inflammatory Drugs and Risk of Gastrointestinal Bleeding: A Systematic Review and Meta-Analysis.,PARTIAL_SUPPORT,,Contains overlapping clinical concepts: Candidate surfaced due to matching concepts: bleeding.,LOW,,NOT_RELEVANT,,"The document concerns gastrointestinal bleeding associated with NSAIDs, but the available source does not provide evidence about the specific warfarin-plus-aspirin bleeding risk queried.",HIGH,DISAGREE,Reviewer_A,2026-09-03T07:48:10Z
v3.1h-021,Concomitant use of warfarin and aspirin bleeding risk,DDI,R3,MULTI_ENTITY,41112691,chunk-41112691-001,"Risk Factors Associated with Thrombus Development Following Pharmacologic Anticoagulation Reversal with Coagulation Factor Xa [Recombinant], Inactivated-zhzo.","Risk Factors Associated with Thrombus Development Following Pharmacologic Anticoagulation Reversal with Coagulation Factor Xa [Recombinant], Inactivated-zhzo.",PARTIAL_SUPPORT,,Contains overlapping clinical concepts: Candidate surfaced due to matching concepts: anticoagulation.,LOW,,NOT_RELEVANT,,"The document concerns thrombus development following anticoagulation reversal with recombinant Factor Xa, but it does not provide evidence about the specific warfarin-plus-aspirin bleeding risk queried.",HIGH,DISAGREE,Reviewer_A,2026-09-03T07:50:59Z
v3.1h-021,Concomitant use of warfarin and aspirin bleeding risk,DDI,R3,MULTI_ENTITY,40828441,chunk-40828441-001,Oral anticoagulants-related bleeding: what happens in the emergency room? The Galeno study.,Oral anticoagulants-related bleeding: what happens in the emergency room? The Galeno study.,INSUFFICIENT_SOURCE_TEXT,,Frozen source contains only limited text (title).,LOW,,NO_EVIDENCE,,"The document concerns bleeding related to oral anticoagulants, but the available frozen source contains only the title and does not establish the specific warfarin-plus-aspirin bleeding risk queried.",LOW,DISAGREE,Reviewer_A,2026-09-03T07:52:18Z
v3.1h-021,Concomitant use of warfarin and aspirin bleeding risk,DDI,R3,MULTI_ENTITY,40289797,chunk-40289797-001,Association of Biomarkers With Intracerebral Hematoma Expansion and Arterial Thromboembolic Events in Patients With Acute Intracranial Hemorrhage: The ANNEXA-I Biomarker Substudy.,Association of Biomarkers With Intracerebral Hematoma Expansion and Arterial Thromboembolic Events in Patients With Acute Intracranial Hemorrhage: The ANNEXA-I Biomarker Substudy.,PARTIAL_SUPPORT,,Contains overlapping clinical concepts: Candidate surfaced due to matching concepts: hemorrhage.,LOW,,NOT_RELEVANT,,"The document concerns biomarkers associated with intracerebral hematoma expansion and thromboembolic events, but it does not provide evidence about the specific warfarin-plus-aspirin bleeding risk queried.",HIGH,DISAGREE,Reviewer_A,2026-09-03T07:53:02Z
v3.1h-021,Concomitant use of warfarin and aspirin bleeding risk,DDI,R3,MULTI_ENTITY,42128628,chunk-42128628-001,Comparative efficacy and safety of apixaban and rivaroxaban versus warfarin in atrial fibrillation patients with end-stage renal disease: a systematic review and meta-analysis.,Comparative efficacy and safety of apixaban and rivaroxaban versus warfarin in atrial fibrillation patients with end-stage renal disease: a systematic review and meta-analysis.,PARTIAL_SUPPORT,,Contains overlapping clinical concepts: Candidate surfaced due to matching concepts: warfarin.,LOW,,NOT_RELEVANT,,"The document compares warfarin with apixaban and rivaroxaban in atrial fibrillation patients with end-stage renal disease, but it does not provide evidence about the specific warfarin-plus-aspirin bleeding risk queried.",HIGH,DISAGREE,Reviewer_A,2026-09-03T07:54:09Z
v3.1h-021,Concomitant use of warfarin and aspirin bleeding risk,DDI,R3,MULTI_ENTITY,42269153,chunk-42269153-001,Antidotes for Anticoagulation Reversal.,Antidotes for Anticoagulation Reversal.,INSUFFICIENT_SOURCE_TEXT,,Frozen source contains only limited text (title).,LOW,,NOT_RELEVANT,,"The document concerns antidotes for anticoagulation reversal, but the available source does not provide evidence about the specific warfarin-plus-aspirin bleeding risk queried.",HIGH,DISAGREE,Reviewer_A,2026-09-03T07:56:28Z
v3.1h-021,Concomitant use of warfarin and aspirin bleeding risk,DDI,R3,MULTI_ENTITY,42206096,chunk-42206096-001,"Anticoagulation associated intracerebral haemorrhage trends, treatment and outcomes in a metropolitan cohort: analysed by availability of specific versus non-specific reversal agents.","Anticoagulation associated intracerebral haemorrhage trends, treatment and outcomes in a metropolitan cohort: analysed by availability of specific versus non-specific reversal agents.",PARTIAL_SUPPORT,,Contains overlapping clinical concepts: Candidate surfaced due to matching concepts: anticoagulation.,LOW,,NOT_RELEVANT,,"The document concerns anticoagulation-associated intracerebral haemorrhage and reversal treatment, but it does not provide evidence about the specific warfarin-plus-aspirin bleeding risk queried.",HIGH,DISAGREE,Reviewer_A,2026-09-03T07:57:31Z
v3.1h-021,Concomitant use of warfarin and aspirin bleeding risk,DDI,R3,MULTI_ENTITY,42087312,chunk-42087312-001,Anticoagulation in Patients With Gastrointestinal Disease.,Anticoagulation in Patients With Gastrointestinal Disease.,INSUFFICIENT_SOURCE_TEXT,,Frozen source contains only limited text (title).,LOW,,NOT_RELEVANT,,"The document concerns anticoagulation in patients with gastrointestinal disease, but the available source does not provide evidence about the specific warfarin-plus-aspirin bleeding risk queried.",HIGH,DISAGREE,Reviewer_A,2026-09-03T07:58:23Z
v3.1h-021,Concomitant use of warfarin and aspirin bleeding risk,DDI,R3,MULTI_ENTITY,41976898,chunk-41976898-001,Anticoagulation Stewardship Program in the DOAC Era.,Anticoagulation Stewardship Program in the DOAC Era.,INSUFFICIENT_SOURCE_TEXT,,Frozen source contains only limited text (title).,LOW,,NOT_RELEVANT,,"The document concerns anticoagulation stewardship in the DOAC era, but the available source does not provide evidence about the specific warfarin-plus-aspirin bleeding risk queried.",HIGH,DISAGREE,Reviewer_A,2026-09-03T08:00:13Z
v3.1h-022,CYP2C9 interaction between fluconazole and warfarin,DDI,R3,CYP_DDI,42618000,chunk-42618000-001,Pipamperone metabolism by various recombinant cytochrome preparations.,Pipamperone metabolism by various recombinant cytochrome preparations.,INSUFFICIENT_SOURCE_TEXT,,Frozen source contains only limited text (title).,LOW,,NOT_RELEVANT,,The document concerns pipamperone metabolism and does not provide evidence about the fluconazole-warfarin CYP2C9 interaction.,HIGH,DISAGREE,Reviewer_A,2026-09-03T08:01:51Z
v3.1h-022,CYP2C9 interaction between fluconazole and warfarin,DDI,R3,CYP_DDI,42591558,chunk-42591558-001,Physiologically based pharmacokinetic modeling of fluconazole: interpretation of gender-dependent pharmacokinetics and cytochrome P450 inhibition.,Physiologically based pharmacokinetic modeling of fluconazole: interpretation of gender-dependent pharmacokinetics and cytochrome P450 inhibition.,PARTIAL_SUPPORT,,Contains overlapping clinical concepts: Candidate surfaced due to matching concepts: fluconazole.,LOW,,NO_EVIDENCE,,"The document concerns fluconazole pharmacokinetics and CYP450 inhibition, but the frozen source contains only the title and does not establish the specific CYP2C9 interaction between fluconazole and warfarin.",LOW,DISAGREE,Reviewer_A,2026-09-03T08:01:51Z
v3.1h-022,CYP2C9 interaction between fluconazole and warfarin,DDI,R3,CYP_DDI,42580545,chunk-42580545-001,Non-steroidal anti-inflammatory drugs and CYP2C9 - Impacts of genetics and phenoconversion on the risk of adverse effects.,Non-steroidal anti-inflammatory drugs and CYP2C9 - Impacts of genetics and phenoconversion on the risk of adverse effects.,PARTIAL_SUPPORT,,Contains overlapping clinical concepts: Candidate surfaced due to matching concepts: cyp2c9.,LOW,,NOT_RELEVANT,,The document concerns NSAIDs and CYP2C9 and does not provide evidence about fluconazole or warfarin interaction.,HIGH,DISAGREE,Reviewer_A,2026-09-03T08:01:51Z
v3.1h-022,CYP2C9 interaction between fluconazole and warfarin,DDI,R3,CYP_DDI,42676526,chunk-42676526-001,Tricholoma matsutake polypeptide modulates cardiac metabolism and restores autophagic flux to mitigate doxorubicin-induced senescence.,Tricholoma matsutake polypeptide modulates cardiac metabolism and restores autophagic flux to mitigate doxorubicin-induced senescence.,PARTIAL_SUPPORT,,Contains overlapping clinical concepts: Candidate surfaced due to matching concepts: metabolism.,LOW,,NOT_RELEVANT,,The document concerns cardiac metabolism and doxorubicin and does not support the fluconazole-warfarin interaction.,HIGH,DISAGREE,Reviewer_A,2026-09-03T08:01:51Z
v3.1h-022,CYP2C9 interaction between fluconazole and warfarin,DDI,R3,CYP_DDI,42055120,chunk-42055120-001,"Impact of Fluoxetine Brain Concentrations, Plasma Exposure, and Neurometabolism on Depressive and Anxiety Symptoms in Adolescents: A Multimodal Fluorine and Proton Magnetic Resonance Spectroscopy Study.","Impact of Fluoxetine Brain Concentrations, Plasma Exposure, and Neurometabolism on Depressive and Anxiety Symptoms in Adolescents: A Multimodal Fluorine and Proton Magnetic Resonance Spectroscopy Study.",PARTIAL_SUPPORT,,Contains overlapping clinical concepts: Candidate surfaced due to matching concepts: metabolism.,LOW,,NOT_RELEVANT,,The document concerns fluoxetine and neurometabolism and does not support the fluconazole-warfarin interaction.,HIGH,DISAGREE,Reviewer_A,2026-09-03T08:01:51Z
v3.1h-022,CYP2C9 interaction between fluconazole and warfarin,DDI,R3,CYP_DDI,28520369,chunk-28520369-001,Celecoxib Therapy and CYP2C9 Genotype.,Celecoxib Therapy and CYP2C9 Genotype.,INSUFFICIENT_SOURCE_TEXT,,Frozen source contains only limited text (title).,LOW,,NOT_RELEVANT,,The document concerns celecoxib and CYP2C9 genotype and does not provide evidence about fluconazole-warfarin interaction.,HIGH,DISAGREE,Reviewer_A,2026-09-03T08:01:51Z
v3.1h-022,CYP2C9 interaction between fluconazole and warfarin,DDI,R3,CYP_DDI,42128628,chunk-42128628-001,Comparative efficacy and safety of apixaban and rivaroxaban versus warfarin in atrial fibrillation patients with end-stage renal disease: a systematic review and meta-analysis.,Comparative efficacy and safety of apixaban and rivaroxaban versus warfarin in atrial fibrillation patients with end-stage renal disease: a systematic review and meta-analysis.,PARTIAL_SUPPORT,,Contains overlapping clinical concepts: Candidate surfaced due to matching concepts: warfarin.,LOW,,NOT_RELEVANT,,The document compares warfarin with apixaban and rivaroxaban and does not address fluconazole or the CYP2C9 interaction.,HIGH,DISAGREE,Reviewer_A,2026-09-03T08:01:51Z
v3.1h-023,Spironolactone and lisinopril combination risks,DDI,R3,MULTI_ENTITY,42374912,chunk-42374912-001,Risk of Hyperkalemia in Patients with Heart Failure Treated with Spironolactone in Combination with Sacubitril/Valsartan vs. Renin-Angiotensin System Inhibitors.,Risk of Hyperkalemia in Patients with Heart Failure Treated with Spironolactone in Combination with Sacubitril/Valsartan vs. Renin-Angiotensin System Inhibitors.,PARTIAL_SUPPORT,,"Contains overlapping clinical concepts: Candidate surfaced due to matching concepts: spironolactone, hyperkalemia.",LOW,,NO_EVIDENCE,,"The document is highly relevant to hyperkalemia risk from spironolactone combined with renin-angiotensin-system inhibitors, but the frozen source contains only the title and does not explicitly establish the specific lisinopril-spironolactone interaction.",LOW,DISAGREE,Reviewer_A,2026-09-03T08:04:02Z
v3.1h-023,Spironolactone and lisinopril combination risks,DDI,R3,MULTI_ENTITY,40825054,chunk-40825054-001,"Analysis of hemorrhagic transformation and intracerebral hemorrhage under combination therapy with alteplase and antiplatelets or anticoagulants, using the Japanese Adverse Drug Event Report database.","Analysis of hemorrhagic transformation and intracerebral hemorrhage under combination therapy with alteplase and antiplatelets or anticoagulants, using the Japanese Adverse Drug Event Report database.",PARTIAL_SUPPORT,,Contains overlapping clinical concepts: Candidate surfaced due to matching concepts: combination therapy.,LOW,,NOT_RELEVANT,,The document concerns hemorrhagic transformation involving alteplase and antiplatelet/anticoagulant therapy and does not support the spironolactone-lisinopril combination risk.,HIGH,DISAGREE,Reviewer_A,2026-09-03T08:04:02Z
v3.1h-023,Spironolactone and lisinopril combination risks,DDI,R3,MULTI_ENTITY,42643702,chunk-42643702-001,Sex-Specific Safety Signals of Finerenone Versus Spironolactone: Insights From the FDA Adverse Event Reporting System.,Sex-Specific Safety Signals of Finerenone Versus Spironolactone: Insights From the FDA Adverse Event Reporting System.,PARTIAL_SUPPORT,,Contains overlapping clinical concepts: Candidate surfaced due to matching concepts: spironolactone.,LOW,,NOT_RELEVANT,,The document concerns finerenone versus spironolactone safety signals and does not address the specific spironolactone-lisinopril combination.,HIGH,DISAGREE,Reviewer_A,2026-09-03T08:04:02Z
v3.1h-023,Spironolactone and lisinopril combination risks,DDI,R3,MULTI_ENTITY,42499456,chunk-42499456-001,"Association of Proximal Tubule Secretion With Hyperkalemia Risk, Treatment Response, and Outcomes in Heart Failure With Preserved Ejection Fraction.","Association of Proximal Tubule Secretion With Hyperkalemia Risk, Treatment Response, and Outcomes in Heart Failure With Preserved Ejection Fraction.",PARTIAL_SUPPORT,,Contains overlapping clinical concepts: Candidate surfaced due to matching concepts: hyperkalemia.,LOW,,NOT_RELEVANT,,The document concerns general hyperkalemia risk in heart failure with preserved ejection fraction but does not provide evidence about the specific spironolactone-lisinopril interaction.,HIGH,DISAGREE,Reviewer_A,2026-09-03T08:04:02Z
v3.1h-023,Spironolactone and lisinopril combination risks,DDI,R3,MULTI_ENTITY,38710058,chunk-38710058-001,"The Salutary Effects of Diminazene, Lisinopril or Valsartan on Cisplatin - Induced Acute Kidney Injury in Rats: A Comparative Study.","The Salutary Effects of Diminazene, Lisinopril or Valsartan on Cisplatin - Induced Acute Kidney Injury in Rats: A Comparative Study.",PARTIAL_SUPPORT,,Contains overlapping clinical concepts: Candidate surfaced due to matching concepts: lisinopril.,LOW,,NOT_RELEVANT,,The document concerns lisinopril in a cisplatin-induced kidney injury model and does not address the spironolactone-lisinopril combination.,HIGH,DISAGREE,Reviewer_A,2026-09-03T08:04:02Z
v3.1h-023,Spironolactone and lisinopril combination risks,DDI,R3,MULTI_ENTITY,33986677,chunk-33986677-001,"Radiation Increases Bioavailability of Lisinopril, a Mitigator of Radiation-Induced Toxicities.","Radiation Increases Bioavailability of Lisinopril, a Mitigator of Radiation-Induced Toxicities.",INSUFFICIENT_SOURCE_TEXT,,Frozen source contains only limited text (title).,LOW,,NOT_RELEVANT,,The document concerns lisinopril bioavailability in the context of radiation and does not support the queried spironolactone-lisinopril combination risk.,HIGH,DISAGREE,Reviewer_A,2026-09-03T08:04:02Z
v3.1h-023,Spironolactone and lisinopril combination risks,DDI,R3,MULTI_ENTITY,33048477,chunk-33048477-001,Impact of Green Tea Catechin Ingestion on the Pharmacokinetics of Lisinopril in Healthy Volunteers.,Impact of Green Tea Catechin Ingestion on the Pharmacokinetics of Lisinopril in Healthy Volunteers.,INSUFFICIENT_SOURCE_TEXT,,Frozen source contains only limited text (title).,LOW,,NOT_RELEVANT,,The document concerns lisinopril pharmacokinetics with green tea and does not address the queried spironolactone-lisinopril combination risk.,HIGH,DISAGREE,Reviewer_A,2026-09-03T08:04:02Z
v3.1h-046,Idiosyncratic drug induced liver injury mechanisms,ADE,R3,MECHANISM,42677606,chunk-42677606-001,Mitochondrial Unfolded Protein Response Regulates Copper-Induced Oxidative Stress via a Sirt3/FOXO3a Signaling Pathway in Chicken Hepatocytes.,Mitochondrial Unfolded Protein Response Regulates Copper-Induced Oxidative Stress via a Sirt3/FOXO3a Signaling Pathway in Chicken Hepatocytes.,PARTIAL_SUPPORT,,"Contains overlapping clinical concepts: Candidate surfaced due to matching concepts: mitochondrial, oxidative stress.",LOW,,NOT_RELEVANT,,The document concerns copper-induced oxidative stress in chicken hepatocytes and does not provide evidence about mechanisms of idiosyncratic drug-induced liver injury.,HIGH,DISAGREE,Reviewer_A,2026-09-03T08:06:13Z
v3.1h-046,Idiosyncratic drug induced liver injury mechanisms,ADE,R3,MECHANISM,42667784,chunk-42667784-001,Mechanism of Gegen Qinlian Decoction in the treatment of diabetic cataract based on network pharmacology and experimental validation.,Mechanism of Gegen Qinlian Decoction in the treatment of diabetic cataract based on network pharmacology and experimental validation.,PARTIAL_SUPPORT,,Contains overlapping clinical concepts: Candidate surfaced due to matching concepts: mechanism.,LOW,,NOT_RELEVANT,,The document concerns a decoction for diabetic cataract and does not support the requested idiosyncratic DILI mechanism.,HIGH,DISAGREE,Reviewer_A,2026-09-03T08:06:13Z
v3.1h-046,Idiosyncratic drug induced liver injury mechanisms,ADE,R3,MECHANISM,42661734,chunk-42661734-001,Sex-specific effects of resveratrol and metformin on mitochondrial function and inflammatory activation in a TNF-α-driven human iPSC-derived endothelial dysfunction model.,Sex-specific effects of resveratrol and metformin on mitochondrial function and inflammatory activation in a TNF-α-driven human iPSC-derived endothelial dysfunction model.,PARTIAL_SUPPORT,,Contains overlapping clinical concepts: Candidate surfaced due to matching concepts: mitochondrial.,LOW,,NOT_RELEVANT,,"The document concerns resveratrol, metformin, and endothelial dysfunction and does not address idiosyncratic drug-induced liver injury mechanisms.",HIGH,DISAGREE,Reviewer_A,2026-09-03T08:06:13Z
v3.1h-046,Idiosyncratic drug induced liver injury mechanisms,ADE,R3,MECHANISM,42653808,chunk-42653808-001,"Berberine-Drug Interactions: Mechanisms, Clinical Relevance and Risk Stratification-A Narrative Review.","Berberine-Drug Interactions: Mechanisms, Clinical Relevance and Risk Stratification-A Narrative Review.",PARTIAL_SUPPORT,,Contains overlapping clinical concepts: Candidate surfaced due to matching concepts: mechanism.,LOW,,NOT_RELEVANT,,The document concerns berberine-drug interactions and does not address idiosyncratic drug-induced liver injury mechanisms.,HIGH,DISAGREE,Reviewer_A,2026-09-03T08:06:13Z
v3.1h-046,Idiosyncratic drug induced liver injury mechanisms,ADE,R3,MECHANISM,42653173,chunk-42653173-001,Molecular Mechanisms of Acute Drug Toxicity in Polypharmacy: Analgesic-Psychotropic Interactions.,Molecular Mechanisms of Acute Drug Toxicity in Polypharmacy: Analgesic-Psychotropic Interactions.,INSUFFICIENT_SOURCE_TEXT,,Frozen source contains only limited text (title).,LOW,,NOT_RELEVANT,,The document concerns analgesic-psychotropic polypharmacy toxicity and does not support the requested idiosyncratic DILI mechanism.,HIGH,DISAGREE,Reviewer_A,2026-09-03T08:06:13Z
v3.1h-046,Idiosyncratic drug induced liver injury mechanisms,ADE,R3,MECHANISM,42677663,chunk-42677663-001,Chronic BDE-47 Exposure Induces DNA Damage in Hepatocytes: Involvement of Oxidative Stress and CYP1A1/2 Upregulation.,Chronic BDE-47 Exposure Induces DNA Damage in Hepatocytes: Involvement of Oxidative Stress and CYP1A1/2 Upregulation.,PARTIAL_SUPPORT,,Contains overlapping clinical concepts: Candidate surfaced due to matching concepts: oxidative stress.,LOW,,NOT_RELEVANT,,"The document concerns BDE-47 environmental exposure and hepatocyte DNA damage, not idiosyncratic drug-induced liver injury.",HIGH,DISAGREE,Reviewer_A,2026-09-03T08:06:13Z
v3.1h-046,Idiosyncratic drug induced liver injury mechanisms,ADE,R3,MECHANISM,42674049,chunk-42674049-001,A Near-Infrared Fluorescent Probe for Imaging Nitroxyl Dynamics in Ferroptosis-Associated Drug-Induced Liver Injury.,A Near-Infrared Fluorescent Probe for Imaging Nitroxyl Dynamics in Ferroptosis-Associated Drug-Induced Liver Injury.,PARTIAL_SUPPORT,,Contains overlapping clinical concepts: Candidate surfaced due to matching concepts: drug-induced liver injury.,LOW,,NO_EVIDENCE,,"The document addresses drug-induced liver injury and is potentially relevant to the query, but the available frozen source contains only the title and does not establish the mechanisms of idiosyncratic drug-induced liver injury.",LOW,DISAGREE,Reviewer_A,2026-09-03T08:06:13Z
v3.1h-046,Idiosyncratic drug induced liver injury mechanisms,ADE,R3,MECHANISM,42678094,chunk-42678094-001,Deciphering the Mechanisms of Statin-Ezetimibe Drug Combinations Using Boolean Logical Modeling and Transcriptomic Data.,Deciphering the Mechanisms of Statin-Ezetimibe Drug Combinations Using Boolean Logical Modeling and Transcriptomic Data.,PARTIAL_SUPPORT,,Contains overlapping clinical concepts: Candidate surfaced due to matching concepts: mechanism.,LOW,,NOT_RELEVANT,,The document concerns statin-ezetimibe combination mechanisms and does not address idiosyncratic DILI.,HIGH,DISAGREE,Reviewer_A,2026-09-03T08:06:13Z
v3.1h-046,Idiosyncratic drug induced liver injury mechanisms,ADE,R3,MECHANISM,42681676,chunk-42681676-001,Targeting breast cancer stem cells by restoring RBM38 function: mechanism and protein delivery therapy.,Targeting breast cancer stem cells by restoring RBM38 function: mechanism and protein delivery therapy.,PARTIAL_SUPPORT,,Contains overlapping clinical concepts: Candidate surfaced due to matching concepts: mechanism.,LOW,,NOT_RELEVANT,,The document concerns breast cancer stem cells and protein delivery and does not address idiosyncratic DILI mechanisms.,HIGH,DISAGREE,Reviewer_A,2026-09-03T08:06:13Z
v3.1h-046,Idiosyncratic drug induced liver injury mechanisms,ADE,R3,MECHANISM,42670540,chunk-42670540-001,Mechanisms and the Role of p38 MAPK Signaling in Doxorubicin-Induced Cardiotoxicity: A Review.,Mechanisms and the Role of p38 MAPK Signaling in Doxorubicin-Induced Cardiotoxicity: A Review.,INSUFFICIENT_SOURCE_TEXT,,Frozen source contains only limited text (title).,LOW,,NOT_RELEVANT,,The document concerns doxorubicin-induced cardiotoxicity and does not address idiosyncratic DILI mechanisms.,HIGH,DISAGREE,Reviewer_A,2026-09-03T08:06:13Z
v3.1h-046,Idiosyncratic drug induced liver injury mechanisms,ADE,R3,MECHANISM,42628776,chunk-42628776-001,Differentiating hepatic and renal toxicity reveals CYP-independent mechanisms of acetaminophen-induced acute kidney injury.,Differentiating hepatic and renal toxicity reveals CYP-independent mechanisms of acetaminophen-induced acute kidney injury.,PARTIAL_SUPPORT,,Contains overlapping clinical concepts: Candidate surfaced due to matching concepts: mechanism.,LOW,,NOT_RELEVANT,,The document concerns acetaminophen-induced acute kidney injury and does not support the requested idiosyncratic DILI mechanism.,HIGH,DISAGREE,Reviewer_A,2026-09-03T08:06:13Z
v3.1h-046,Idiosyncratic drug induced liver injury mechanisms,ADE,R3,MECHANISM,42318218,chunk-42318218-001,A case report and literature review of proton pump inhibitors inducing insulin autoimmune syndrome.,A case report and literature review of proton pump inhibitors inducing insulin autoimmune syndrome.,INSUFFICIENT_SOURCE_TEXT,,Frozen source contains only limited text (title).,LOW,,NOT_RELEVANT,,The document concerns proton-pump-inhibitor-induced insulin autoimmune syndrome and does not address idiosyncratic DILI mechanisms.,HIGH,DISAGREE,Reviewer_A,2026-09-03T08:06:13Z
v3.1h-047,Spironolactone induced hyperkalemia,ADE,R3,SYNONYM,42374912,chunk-42374912-001,Risk of Hyperkalemia in Patients with Heart Failure Treated with Spironolactone in Combination with Sacubitril/Valsartan vs. Renin-Angiotensin System Inhibitors.,Risk of Hyperkalemia in Patients with Heart Failure Treated with Spironolactone in Combination with Sacubitril/Valsartan vs. Renin-Angiotensin System Inhibitors.,DIRECT_SUPPORT,,Directly reports hyperkalemia in patients treated with spironolactone.,HIGH,,DIRECT_SUPPORT,Risk of Hyperkalemia in Patients with Heart Failure Treated with Spironolactone,"The document title directly identifies hyperkalemia risk in patients treated with spironolactone, which supports the queried drug-adverse-event relationship.",HIGH,AGREE,Reviewer_A,2026-09-03T08:10:53Z
v3.1h-047,Spironolactone induced hyperkalemia,ADE,R3,SYNONYM,42499456,chunk-42499456-001,"Association of Proximal Tubule Secretion With Hyperkalemia Risk, Treatment Response, and Outcomes in Heart Failure With Preserved Ejection Fraction.","Association of Proximal Tubule Secretion With Hyperkalemia Risk, Treatment Response, and Outcomes in Heart Failure With Preserved Ejection Fraction.",PARTIAL_SUPPORT,,"Contains overlapping clinical concepts: Candidate surfaced due to matching concepts: hyperkalemia, heart failure.",LOW,,NOT_RELEVANT,,The document concerns hyperkalemia risk in heart failure with preserved ejection fraction but does not provide evidence specifically linking spironolactone to hyperkalemia.,HIGH,DISAGREE,Reviewer_A,2026-09-03T08:10:53Z
v3.1h-047,Spironolactone induced hyperkalemia,ADE,R3,SYNONYM,42643702,chunk-42643702-001,Sex-Specific Safety Signals of Finerenone Versus Spironolactone: Insights From the FDA Adverse Event Reporting System.,Sex-Specific Safety Signals of Finerenone Versus Spironolactone: Insights From the FDA Adverse Event Reporting System.,PARTIAL_SUPPORT,,Contains overlapping clinical concepts: Candidate surfaced due to matching concepts: spironolactone.,LOW,,NOT_RELEVANT,,"The document concerns finerenone versus spironolactone safety signals, but the available source does not establish spironolactone-induced hyperkalemia.",HIGH,DISAGREE,Reviewer_A,2026-09-03T08:10:53Z
v3.1h-047,Spironolactone induced hyperkalemia,ADE,R3,SYNONYM,42484991,chunk-42484991-001,Budget Impact of Eplerenone for Heart Failure with Reduced Ejection Fraction: National Perspective and Regional Implications in Italy.,Budget Impact of Eplerenone for Heart Failure with Reduced Ejection Fraction: National Perspective and Regional Implications in Italy.,PARTIAL_SUPPORT,,Contains overlapping clinical concepts: Candidate surfaced due to matching concepts: heart failure.,LOW,,NOT_RELEVANT,,The document concerns eplerenone and heart failure and does not support the queried spironolactone-hyperkalemia relationship.,HIGH,DISAGREE,Reviewer_A,2026-09-03T08:10:53Z
v3.1h-047,Spironolactone induced hyperkalemia,ADE,R3,SYNONYM,29262813,chunk-29262813-001,Renoprotective RAAS inhibition does not affect the association between worse renal function and higher plasma aldosterone levels.,Renoprotective RAAS inhibition does not affect the association between worse renal function and higher plasma aldosterone levels.,PARTIAL_SUPPORT,,Contains overlapping clinical concepts: Candidate surfaced due to matching concepts: renal function.,LOW,,NOT_RELEVANT,,"The document concerns RAAS inhibition, renal function, and aldosterone levels and does not establish spironolactone-induced hyperkalemia.",HIGH,DISAGREE,Reviewer_A,2026-09-03T08:10:53Z
v3.1h-047,Spironolactone induced hyperkalemia,ADE,R3,SYNONYM,42359186,chunk-42359186-001,Early-Onset Amiodarone Pulmonary Toxicity at a Standard Maintenance Dose Masquerading as Decompensated Heart Failure: A Case Report and Literature Review.,Early-Onset Amiodarone Pulmonary Toxicity at a Standard Maintenance Dose Masquerading as Decompensated Heart Failure: A Case Report and Literature Review.,PARTIAL_SUPPORT,,Contains overlapping clinical concepts: Candidate surfaced due to matching concepts: heart failure.,LOW,,NOT_RELEVANT,,The document concerns amiodarone pulmonary toxicity and does not support the queried spironolactone-hyperkalemia relationship.,HIGH,DISAGREE,Reviewer_A,2026-09-03T08:10:53Z
v3.1h-047,Spironolactone induced hyperkalemia,ADE,R3,SYNONYM,42398817,chunk-42398817-001,Rediscovering digitalis in heart failure with reduced ejection fraction: Current evidence and expert survey on contemporary use.,Rediscovering digitalis in heart failure with reduced ejection fraction: Current evidence and expert survey on contemporary use.,PARTIAL_SUPPORT,,Contains overlapping clinical concepts: Candidate surfaced due to matching concepts: heart failure.,LOW,,NOT_RELEVANT,,The document concerns digitalis in heart failure and does not support the queried spironolactone-hyperkalemia relationship.,HIGH,DISAGREE,Reviewer_A,2026-09-03T08:10:53Z
v3.1h-047,Spironolactone induced hyperkalemia,ADE,R3,SYNONYM,42216360,chunk-42216360-001,Real-world off-label apixaban dosing and clinical outcomes in patients with heart failure and end-stage kidney disease.,Real-world off-label apixaban dosing and clinical outcomes in patients with heart failure and end-stage kidney disease.,PARTIAL_SUPPORT,,Contains overlapping clinical concepts: Candidate surfaced due to matching concepts: heart failure.,LOW,,NOT_RELEVANT,,The document concerns apixaban dosing in heart failure and kidney disease and does not support the queried spironolactone-hyperkalemia relationship.,HIGH,DISAGREE,Reviewer_A,2026-09-03T08:10:53Z
v3.1h-066,Metformin contraindication in severe renal disease,Medication_Safety,R3,PARAPHRASE,32699722,chunk-32699722-001,Metformin Associated Lactic Acidosis in the Intensive Care Unit: A Rare Condition Mimicking Sepsis.,Metformin Associated Lactic Acidosis in the Intensive Care Unit: A Rare Condition Mimicking Sepsis.,INSUFFICIENT_SOURCE_TEXT,,Frozen source contains only limited text (title).,LOW,,NO_EVIDENCE,,"The document concerns metformin-associated lactic acidosis and is potentially relevant to metformin safety, but the available frozen source does not establish the contraindication of metformin in severe renal disease.",LOW,DISAGREE,Reviewer_A,2026-09-03T08:14:26Z
v3.1h-066,Metformin contraindication in severe renal disease,Medication_Safety,R3,PARAPHRASE,42661734,chunk-42661734-001,Sex-specific effects of resveratrol and metformin on mitochondrial function and inflammatory activation in a TNF-α-driven human iPSC-derived endothelial dysfunction model.,Sex-specific effects of resveratrol and metformin on mitochondrial function and inflammatory activation in a TNF-α-driven human iPSC-derived endothelial dysfunction model.,PARTIAL_SUPPORT,,Contains overlapping clinical concepts: Candidate surfaced due to matching concepts: metformin.,LOW,,NOT_RELEVANT,,"The document concerns resveratrol, metformin, and endothelial dysfunction and does not address renal contraindication or severe renal disease.",HIGH,DISAGREE,Reviewer_A,2026-09-03T08:14:26Z
v3.1h-066,Metformin contraindication in severe renal disease,Medication_Safety,R3,PARAPHRASE,41177211,chunk-41177211-001,Biomedical pharmacology study on metformin and glucose (PMID 41177211),Metformin decreases hepatic glucose production and decreases intestinal absorption of glucose.,INSUFFICIENT_SOURCE_TEXT,,Frozen source contains only limited text (title).,LOW,,NOT_RELEVANT,,The document provides metformin mechanism-of-action evidence about hepatic glucose production but does not address the medication-safety question of contraindication in severe renal disease.,HIGH,DISAGREE,Reviewer_A,2026-09-03T08:14:26Z
v3.1h-066,Metformin contraindication in severe renal disease,Medication_Safety,R3,PARAPHRASE,42636576,chunk-42636576-001,"Real-world variability and factors associated with individual low-density-lipoprotein cholesterol response to different doses of atorvastatin, rosuvastatin, and simvastatin in 28,647 Chinese patients.","Real-world variability and factors associated with individual low-density-lipoprotein cholesterol response to different doses of atorvastatin, rosuvastatin, and simvastatin in 28,647 Chinese patients.",PARTIAL_SUPPORT,,Contains overlapping clinical concepts: Candidate surfaced due to matching concepts: dose.,LOW,,NOT_RELEVANT,,The document concerns statin dosing and cholesterol response and does not address metformin or severe renal disease.,HIGH,DISAGREE,Reviewer_A,2026-09-03T08:14:26Z
v3.1h-066,Metformin contraindication in severe renal disease,Medication_Safety,R3,PARAPHRASE,42475421,chunk-42475421-001,"Vascular Endothelial Growth Factor Receptor 1-Blocking Antibody Improves Endothelial Structure, Kidney Function, and GFR in Diabetic Mice.","Vascular Endothelial Growth Factor Receptor 1-Blocking Antibody Improves Endothelial Structure, Kidney Function, and GFR in Diabetic Mice.",PARTIAL_SUPPORT,,Contains overlapping clinical concepts: Candidate surfaced due to matching concepts: kidney function.,LOW,,NOT_RELEVANT,,The document concerns kidney function in diabetic mice using a VEGFR1-blocking antibody and does not discuss metformin contraindication.,HIGH,DISAGREE,Reviewer_A,2026-09-03T08:14:26Z
v3.1h-066,Metformin contraindication in severe renal disease,Medication_Safety,R3,PARAPHRASE,42438581,chunk-42438581-001,Unmasking Refractory Hypothyroidism: Persistent Iron-Levothyroxine Interaction Despite Appropriate Dose Separation.,Unmasking Refractory Hypothyroidism: Persistent Iron-Levothyroxine Interaction Despite Appropriate Dose Separation.,PARTIAL_SUPPORT,,Contains overlapping clinical concepts: Candidate surfaced due to matching concepts: dose.,LOW,,NOT_RELEVANT,,The document concerns a levothyroxine-iron interaction and does not address metformin or renal contraindication.,HIGH,DISAGREE,Reviewer_A,2026-09-03T08:14:26Z
v3.1h-066,Metformin contraindication in severe renal disease,Medication_Safety,R3,PARAPHRASE,41748094,chunk-41748094-001,Heart Rate-Corrected QT Interval Dynamics Following Antidepressant Switching from Escitalopram to High-Dose Venlafaxine: Cardiac Safety Insights from the Early Medication Change Cohort.,Heart Rate-Corrected QT Interval Dynamics Following Antidepressant Switching from Escitalopram to High-Dose Venlafaxine: Cardiac Safety Insights from the Early Medication Change Cohort.,PARTIAL_SUPPORT,,Contains overlapping clinical concepts: Candidate surfaced due to matching concepts: dose.,LOW,,NOT_RELEVANT,,The document concerns antidepressant dose changes and cardiac safety and does not address metformin renal contraindication.,HIGH,DISAGREE,Reviewer_A,2026-09-03T08:14:26Z
v3.1h-066,Metformin contraindication in severe renal disease,Medication_Safety,R3,PARAPHRASE,42359186,chunk-42359186-001,Early-Onset Amiodarone Pulmonary Toxicity at a Standard Maintenance Dose Masquerading as Decompensated Heart Failure: A Case Report and Literature Review.,Early-Onset Amiodarone Pulmonary Toxicity at a Standard Maintenance Dose Masquerading as Decompensated Heart Failure: A Case Report and Literature Review.,PARTIAL_SUPPORT,,Contains overlapping clinical concepts: Candidate surfaced due to matching concepts: dose.,LOW,,NOT_RELEVANT,,The document concerns amiodarone pulmonary toxicity and does not address metformin renal contraindication.,HIGH,DISAGREE,Reviewer_A,2026-09-03T08:14:26Z
v3.1h-066,Metformin contraindication in severe renal disease,Medication_Safety,R3,PARAPHRASE,42332214,chunk-42332214-001,Optimizing Amiodarone Maintenance Dose to Minimize N-Desethylamiodarone Accumulation and Pulmonary Toxicity: Insights from Machine Learning and Pharmacokinetic Simulation.,Optimizing Amiodarone Maintenance Dose to Minimize N-Desethylamiodarone Accumulation and Pulmonary Toxicity: Insights from Machine Learning and Pharmacokinetic Simulation.,PARTIAL_SUPPORT,,Contains overlapping clinical concepts: Candidate surfaced due to matching concepts: dose.,LOW,,NOT_RELEVANT,,The document concerns amiodarone dosing and pulmonary toxicity and does not address metformin renal contraindication.,HIGH,DISAGREE,Reviewer_A,2026-09-03T08:14:26Z
v3.1h-066,Metformin contraindication in severe renal disease,Medication_Safety,R3,PARAPHRASE,42295720,chunk-42295720-001,Continuous alternate day vs intermittent daily fixed doses of oral isotretinoin in grade 2 acne vulgaris.,Continuous alternate day vs intermittent daily fixed doses of oral isotretinoin in grade 2 acne vulgaris.,PARTIAL_SUPPORT,,Contains overlapping clinical concepts: Candidate surfaced due to matching concepts: dose.,LOW,,NOT_RELEVANT,,The document concerns isotretinoin dosing for acne and does not address metformin renal contraindication.,HIGH,DISAGREE,Reviewer_A,2026-09-03T08:14:26Z
v3.1h-066,Metformin contraindication in severe renal disease,Medication_Safety,R3,PARAPHRASE,42663261,chunk-42663261-001,"Clinical outcomes of ""massive"" acetaminophen overdose treated with standard vs. augmented dose acetylcysteine.","Clinical outcomes of ""massive"" acetaminophen overdose treated with standard vs. augmented dose acetylcysteine.",PARTIAL_SUPPORT,,Contains overlapping clinical concepts: Candidate surfaced due to matching concepts: dose.,LOW,,NOT_RELEVANT,,The document concerns acetaminophen overdose treatment and does not address metformin renal contraindication.,HIGH,DISAGREE,Reviewer_A,2026-09-03T08:14:26Z
v3.1h-066,Metformin contraindication in severe renal disease,Medication_Safety,R3,PARAPHRASE,41323006,chunk-41323006-001,"Randomized, Double-Blind, Placebo-Controlled, Dose-Ranging Comparison of the Analgesic Efficacy and Safety of Intravenous Ketoprofen, Tramadol, and Morphine After Bony Impacted Mandibular Third Molar Surgery.","Randomized, Double-Blind, Placebo-Controlled, Dose-Ranging Comparison of the Analgesic Efficacy and Safety of Intravenous Ketoprofen, Tramadol, and Morphine After Bony Impacted Mandibular Third Molar Surgery.",PARTIAL_SUPPORT,,Contains overlapping clinical concepts: Candidate surfaced due to matching concepts: dose.,LOW,,NOT_RELEVANT,,"The document concerns analgesic efficacy and safety of ketoprofen, tramadol, and morphine and does not address metformin renal contraindication.",HIGH,DISAGREE,Reviewer_A,2026-09-03T08:14:26Z
v3.1h-066,Metformin contraindication in severe renal disease,Medication_Safety,R3,PARAPHRASE,41158891,chunk-41158891-001,Seizures Following Single-Dose Intravenous Tramadol for Postsurgical Pain: A Report of Two Cases.,Seizures Following Single-Dose Intravenous Tramadol for Postsurgical Pain: A Report of Two Cases.,INSUFFICIENT_SOURCE_TEXT,,Frozen source contains only limited text (title).,LOW,,NOT_RELEVANT,,The document concerns tramadol-associated seizures and does not address metformin renal contraindication.,HIGH,DISAGREE,Reviewer_A,2026-09-03T08:14:26Z
v3.1h-066,Metformin contraindication in severe renal disease,Medication_Safety,R3,PARAPHRASE,42670022,chunk-42670022-001,Apixaban Dose Selection in Kidney Failure: Reconciling Pharmacokinetics and Clinical Outcomes.,Apixaban Dose Selection in Kidney Failure: Reconciling Pharmacokinetics and Clinical Outcomes.,INSUFFICIENT_SOURCE_TEXT,,Frozen source contains only limited text (title).,LOW,,NOT_RELEVANT,,The document concerns apixaban dosing in kidney failure and does not address metformin.,HIGH,DISAGREE,Reviewer_A,2026-09-03T08:14:26Z
v3.1h-066,Metformin contraindication in severe renal disease,Medication_Safety,R3,PARAPHRASE,42394350,chunk-42394350-001,"The DOAC-FRAIL Study-Same Dose, Different Story: Prevalence of Deviant Direct Oral Anticoagulant Levels in Nursing Home Residents.","The DOAC-FRAIL Study-Same Dose, Different Story: Prevalence of Deviant Direct Oral Anticoagulant Levels in Nursing Home Residents.",PARTIAL_SUPPORT,,Contains overlapping clinical concepts: Candidate surfaced due to matching concepts: dose.,LOW,,NOT_RELEVANT,,The document concerns direct oral anticoagulant levels in nursing-home residents and does not address metformin renal contraindication.,HIGH,DISAGREE,Reviewer_A,2026-09-03T08:14:26Z
v3.1h-067,Warfarin target INR monitoring,Medication_Safety,R3,PARAPHRASE,42679743,chunk-42679743-001,Dual-response mitochondria-targeted fluorescent probe for Hypochlorous acid and viscosity: Applications in liver injury diagnosis and environmental monitoring.,Dual-response mitochondria-targeted fluorescent probe for Hypochlorous acid and viscosity: Applications in liver injury diagnosis and environmental monitoring.,PARTIAL_SUPPORT,,Contains overlapping clinical concepts: Candidate surfaced due to matching concepts: monitoring.,LOW,,NOT_RELEVANT,,The document concerns environmental monitoring and a fluorescent probe for liver injury and does not provide evidence about warfarin target INR monitoring.,HIGH,DISAGREE,Reviewer_A,2026-09-03T08:16:09Z
v3.1h-067,Warfarin target INR monitoring,Medication_Safety,R3,PARAPHRASE,42246839,chunk-42246839-001,Routine blood monitoring in acne vulgaris patients on isotretinoin: Is reassessment warranted? A retrospective cohort study from Tygerberg Hospital.,Routine blood monitoring in acne vulgaris patients on isotretinoin: Is reassessment warranted? A retrospective cohort study from Tygerberg Hospital.,PARTIAL_SUPPORT,,Contains overlapping clinical concepts: Candidate surfaced due to matching concepts: monitoring.,LOW,,NOT_RELEVANT,,The document concerns blood monitoring for isotretinoin-treated acne patients and does not provide evidence about warfarin target INR monitoring.,HIGH,DISAGREE,Reviewer_A,2026-09-03T08:16:09Z
v3.1h-067,Warfarin target INR monitoring,Medication_Safety,R3,PARAPHRASE,42121128,chunk-42121128-001,Evaluation of drugs and risk factors requiring therapeutic drug monitoring in the Neonatal Intensive Care Unit: a retrospective study.,Evaluation of drugs and risk factors requiring therapeutic drug monitoring in the Neonatal Intensive Care Unit: a retrospective study.,PARTIAL_SUPPORT,,Contains overlapping clinical concepts: Candidate surfaced due to matching concepts: monitoring.,LOW,,NOT_RELEVANT,,The document concerns therapeutic drug monitoring in a neonatal ICU and does not provide evidence about warfarin target INR monitoring.,HIGH,DISAGREE,Reviewer_A,2026-09-03T08:16:09Z
v3.1h-067,Warfarin target INR monitoring,Medication_Safety,R3,PARAPHRASE,42128628,chunk-42128628-001,Comparative efficacy and safety of apixaban and rivaroxaban versus warfarin in atrial fibrillation patients with end-stage renal disease: a systematic review and meta-analysis.,Comparative efficacy and safety of apixaban and rivaroxaban versus warfarin in atrial fibrillation patients with end-stage renal disease: a systematic review and meta-analysis.,PARTIAL_SUPPORT,,Contains overlapping clinical concepts: Candidate surfaced due to matching concepts: warfarin.,LOW,,NOT_RELEVANT,,The document compares apixaban and rivaroxaban with warfarin in end-stage renal disease but does not address target INR monitoring.,HIGH,DISAGREE,Reviewer_A,2026-09-03T08:16:09Z
v3.1h-069,Diagnosis of drug induced hepatotoxicity,Medication_Safety,R3,PARAPHRASE,42679743,chunk-42679743-001,Dual-response mitochondria-targeted fluorescent probe for Hypochlorous acid and viscosity: Applications in liver injury diagnosis and environmental monitoring.,Dual-response mitochondria-targeted fluorescent probe for Hypochlorous acid and viscosity: Applications in liver injury diagnosis and environmental monitoring.,PARTIAL_SUPPORT,,Contains overlapping clinical concepts: Candidate surfaced due to matching concepts: diagnosis.,LOW,,NOT_RELEVANT,,The document concerns liver injury diagnosis and environmental monitoring but does not specifically address diagnosis of drug-induced hepatotoxicity.,HIGH,DISAGREE,Reviewer_A,2026-09-03T08:20:40Z
v3.1h-069,Diagnosis of drug induced hepatotoxicity,Medication_Safety,R3,PARAPHRASE,42674049,chunk-42674049-001,A Near-Infrared Fluorescent Probe for Imaging Nitroxyl Dynamics in Ferroptosis-Associated Drug-Induced Liver Injury.,A Near-Infrared Fluorescent Probe for Imaging Nitroxyl Dynamics in Ferroptosis-Associated Drug-Induced Liver Injury.,PARTIAL_SUPPORT,,Contains overlapping clinical concepts: Candidate surfaced due to matching concepts: drug-induced liver injury.,LOW,,NO_EVIDENCE,,"The document specifically concerns drug-induced liver injury and is potentially relevant to the query, but the frozen source contains only the title and does not establish diagnostic criteria or a diagnostic method for drug-induced hepatotoxicity.",LOW,DISAGREE,Reviewer_A,2026-09-03T08:20:40Z
v3.1h-069,Diagnosis of drug induced hepatotoxicity,Medication_Safety,R3,PARAPHRASE,42633086,chunk-42633086-001,Nivolumab after recurrent pembrolizumab-associated hepatotoxicity in PD-L1-high metastatic squamous non-small cell lung cancer: a case report.,Nivolumab after recurrent pembrolizumab-associated hepatotoxicity in PD-L1-high metastatic squamous non-small cell lung cancer: a case report.,PARTIAL_SUPPORT,,Contains overlapping clinical concepts: Candidate surfaced due to matching concepts: hepatotoxicity.,LOW,,NOT_RELEVANT,,The document concerns pembrolizumab-associated hepatotoxicity in a specific cancer case and does not address the general diagnosis of drug-induced hepatotoxicity.,HIGH,DISAGREE,Reviewer_A,2026-09-03T08:20:40Z
