case_id,candidates_reviewed,human_decisions_completed,direct_support,partial_support,not_relevant,no_evidence,new_evidence,remaining,status
v3.1h-001,14,14,1,0,13,0,0,0,CANDIDATE_REVIEW_COMPLETE
v3.1h-002,9,9,0,0,7,2,0,0,CANDIDATE_REVIEW_COMPLETE
v3.1h-021,11,11,0,0,0,0,0,11,CANDIDATE_REVIEW_COMPLETE
v3.1h-022,7,7,0,0,6,1,0,0,CANDIDATE_REVIEW_COMPLETE
v3.1h-023,7,7,0,0,6,1,0,0,CANDIDATE_REVIEW_COMPLETE
v3.1h-046,12,12,0,0,11,1,0,0,CANDIDATE_REVIEW_COMPLETE
v3.1h-047,8,8,1,0,7,0,0,0,CANDIDATE_REVIEW_COMPLETE
v3.1h-066,15,15,0,0,14,1,0,0,CANDIDATE_REVIEW_COMPLETE
v3.1h-067,4,4,0,0,4,0,0,0,CANDIDATE_REVIEW_COMPLETE
v3.1h-069,3,3,0,0,2,1,0,0,CANDIDATE_REVIEW_COMPLETE
