priority_order,case_id,document_id,f0_rank,title_preview,current_label
3,v3.1h-001,42628776,3,Differentiating hepatic and renal toxicity reveals CYP-independent mechanisms of,
5,v3.1h-001,42192153,5,Folic acid attenuates maternal sertraline-induced hepatic injury in rat offsprin,
6,v3.1h-001,42671218,6,Protective Effects of Luteolin Against Cisplatin-Induced Hepatic and Renal Toxic,
7,v3.1h-001,42573610,7,Paracetamol-induced hepatic injury following intentional self-poisoning: a case ,
8,v3.1h-001,29262813,8,Renoprotective RAAS inhibition does not affect the association between worse ren,
9,v3.1h-001,42670801,9,Therapeutic Potential of Nanocurcumin in Mitigating Duloxetine-Induced Hepatic D,
10,v3.1h-001,42371403,10,Does gabapentin add value to multimodal analgesia in thoracic surgery? A procedu,
12,v3.1h-001,42675227,12,Stevioside promotes hepatocyte proliferation via YAP signaling in cholestatic di,
13,v3.1h-001,42662112,13,A Comparative Study to Evaluate the Renoprotective Effect of Antidiabetic Drugs ,
14,v3.1h-001,42587752,14,Rapid Volumetric Bioprinting Coupled with Dynamic Perfusion Enhances Human Hepat,
16,v3.1h-001,42667464,16,Schisandra chinensis polysaccharide attenuates diabetic islet cell injury by pro,
17,v3.1h-001,41077316,17,Metabolic enzyme-mediated pharmacokinetic and pharmacodynamic interactions betwe,
18,v3.1h-001,42677606,18,Mitochondrial Unfolded Protein Response Regulates Copper-Induced Oxidative Stres,
19,v3.1h-001,42128899,19,Cilostazol mitigates amiodarone-induced pulmonary toxicity and fibrosis by regul,
21,v3.1h-001,41278442,21,Pharmacological management of major complications following left ventricular ass,
22,v3.1h-001,42678242,22,Hepatoprotective effects of resolvin D1 in mice exposed to ethanol and galactosa,
23,v3.1h-001,42676526,23,Tricholoma matsutake polypeptide modulates cardiac metabolism and restores autop,
26,v3.1h-001,36300543,26,"The effect of diminazene, an angiotensin-converting enzyme 2 activator, on adeni",
27,v3.1h-001,42571795,27,Mechanistic insights into cytochrome P450 inhibition by progesterone and its imp,
28,v3.1h-001,42667784,28,Mechanism of Gegen Qinlian Decoction in the treatment of diabetic cataract based,
29,v3.1h-001,42653173,29,Molecular Mechanisms of Acute Drug Toxicity in Polypharmacy: Analgesic-Psychotro,
31,v3.1h-001,42546121,31,Direct Oral Anticoagulants for Atrial Fibrillation in Patients Receiving Hemodia,
32,v3.1h-001,42499456,32,"Association of Proximal Tubule Secretion With Hyperkalemia Risk, Treatment Respo",
33,v3.1h-001,42667336,33,Atorvastatin Exerts Context-Dependent Metabolic and Beneficial Effects on Behavi,
34,v3.1h-001,42653071,34,Safety and Efficacy Assessment of Cannabis Plant Compared to Atorvastatin for Li,
35,v3.1h-001,42678094,35,Deciphering the Mechanisms of Statin-Ezetimibe Drug Combinations Using Boolean L,
36,v3.1h-001,42654146,36,Moxifloxacin-Mediated Downregulation of Intestinal P-Glycoprotein Alters the Pha,
37,v3.1h-001,42662351,37,Sertraline-induced fetotoxicity in mice: Protective effects of vitamin E on foet,
38,v3.1h-001,41109285,38,Challenges in the treatment of hypothyroidism: malabsorption and pseudo-malabsor,
39,v3.1h-001,42475421,39,Vascular Endothelial Growth Factor Receptor 1-Blocking Antibody Improves Endothe,
40,v3.1h-001,41347947,40,"Navigating complementary and alternative medicine use, medication adherence, and",
41,v3.1h-001,42660303,41,Cardioprotective effects of natural phytochemicals from traditional medicinal pl,
42,v3.1h-001,42670540,42,Mechanisms and the Role of p38 MAPK Signaling in Doxorubicin-Induced Cardiotoxic,
43,v3.1h-001,42359186,43,Early-Onset Amiodarone Pulmonary Toxicity at a Standard Maintenance Dose Masquer,
44,v3.1h-001,42364820,44,Finerenone: a next-generation nonsteroidal mineralocorticoid receptor antagonist,
45,v3.1h-001,42306636,45,Unexpected Improvement of Obsessive-Compulsive Disorder Symptoms Following the M,
46,v3.1h-001,40149400,46,The Association Between Statin Drugs and Rhabdomyolysis: An Analysis of FDA Adve,
47,v3.1h-001,41791695,47,"Harnessing the gut-heart axis for cardiovascular drug innovation: microbiome, me",
48,v3.1h-001,41100334,48,Review of Safety and Efficacy of Polmacoxib: A Novel Dual Inhibitor of Cyclo-oxy,
49,v3.1h-001,42318218,49,A case report and literature review of proton pump inhibitors inducing insulin a,
50,v3.1h-001,42584699,50,"The ""obesity paradox"" in dosing: a comprehensive analytical review of cockcroft-",
51,v3.1h-001,40978465,51,Abnormal Ca(2+) handling and reduced I(to) contribute to citalopram-induced QT p,
52,v3.1h-001,38710058,52,"The Salutary Effects of Diminazene, Lisinopril or Valsartan on Cisplatin - Induc",
53,v3.1h-001,42637515,53,An uncommon side effect of statins: perioral neuropathic symptoms.,
54,v3.1h-001,42591558,54,Physiologically based pharmacokinetic modeling of fluconazole: interpretation of,
55,v3.1h-001,40771914,55,"Pharmacodynamics, pharmacokinetics, interactions with other drugs, toxicity and ",
56,v3.1h-001,42677064,56,Targeting Novel Pathways in Pulmonary Arterial Hypertension: A Systematic Review,
57,v3.1h-001,42332214,57,Optimizing Amiodarone Maintenance Dose to Minimize N-Desethylamiodarone Accumula,
58,v3.1h-001,28520381,58,Metoprolol Therapy and CYP2D6 Genotype.,
60,v3.1h-001,42677663,60,Chronic BDE-47 Exposure Induces DNA Damage in Hepatocytes: Involvement of Oxidat,
4,v3.1h-002,42128899,4,Cilostazol mitigates amiodarone-induced pulmonary toxicity and fibrosis by regul,
5,v3.1h-002,42638417,5,The Bacterial Metabolite Lndole-3-Propionic Acid Alleviates Acetaminophen-Induce,
6,v3.1h-002,42429832,6,Current perspectives on natural and pharmacological interventions for combating ,
7,v3.1h-002,42527260,7,Gabapentin for Postoperative Analgesia in Cardiac Surgery via Sternotomy: A Syst,
8,v3.1h-002,42584699,8,"The ""obesity paradox"" in dosing: a comprehensive analytical review of cockcroft-",
9,v3.1h-002,42677606,9,Mitochondrial Unfolded Protein Response Regulates Copper-Induced Oxidative Stres,
10,v3.1h-002,39817374,10,Delineating CYP2C19-mediated Interactions: Network Pharmacology Investigation of,
11,v3.1h-002,42677064,11,Targeting Novel Pathways in Pulmonary Arterial Hypertension: A Systematic Review,
12,v3.1h-002,42671218,12,Protective Effects of Luteolin Against Cisplatin-Induced Hepatic and Renal Toxic,
13,v3.1h-002,42269153,13,Antidotes for Anticoagulation Reversal.,
15,v3.1h-002,42674100,15,Drug Repurposing Signals for Abdominal Aortic Aneurysms.,
16,v3.1h-002,40406172,16,Digoxin for Fetal Tachyarrhythmia: Toxicity in an Underweight Mother.,
18,v3.1h-002,42349978,18,New Agents for Acne Treatment and Updates to Isotretinoin Guidelines.,
19,v3.1h-002,42663925,19,Selective and Time-Dependent Alterations in Cytochrome P450 (CYP) Enzyme Activit,
20,v3.1h-002,37539955,20,Interventions for chronic kidney disease in people with sickle cell disease.,
21,v3.1h-002,42489609,21,Cilostazol-Induced Digoxin Toxicity Presenting as Accelerated Idioventricular Rh,
22,v3.1h-002,41141842,22,Andexanet alfa for the reversal of the low-molecular-weight heparin enoxaparin.,
24,v3.1h-002,42448258,24,Anticoagulant Regimen for Nonvalvular Atrial Fibrillation in the Elderly and Fra,
25,v3.1h-002,42622073,25,Assessment of Pharmacokinetic Interaction and Clinical Efficacy of Clopidogrel C,
26,v3.1h-002,42595037,26,Evidence for the Use of Steroidal Aldosterone Antagonists in Patients With Kidne,
27,v3.1h-002,42618000,27,Pipamperone metabolism by various recombinant cytochrome preparations.,
29,v3.1h-002,42586461,29,Pharmacogenomic and drug interactions risk in cardio-oncology: A precision medic,
30,v3.1h-002,42628776,30,Differentiating hepatic and renal toxicity reveals CYP-independent mechanisms of,
31,v3.1h-002,42662744,31,Perfluoroether Peptide-Modified Artificial Viral Capsid for Enhanced Doxorubicin,
32,v3.1h-002,42653173,32,Molecular Mechanisms of Acute Drug Toxicity in Polypharmacy: Analgesic-Psychotro,
33,v3.1h-002,41833262,33,Pearls and Pitfalls for the Emergency Clinician: Beta Blocker and Calcium Channe,
34,v3.1h-002,42483729,34,"Once-Nightly Pregabalin for Co-Occurring Nightmares, Poor Sleep, and Headaches: ",
35,v3.1h-002,41077316,35,Metabolic enzyme-mediated pharmacokinetic and pharmacodynamic interactions betwe,
36,v3.1h-002,41158891,36,Seizures Following Single-Dose Intravenous Tramadol for Postsurgical Pain: A Rep,
37,v3.1h-002,41748094,37,Heart Rate-Corrected QT Interval Dynamics Following Antidepressant Switching fro,
38,v3.1h-002,41791695,38,"Harnessing the gut-heart axis for cardiovascular drug innovation: microbiome, me",
39,v3.1h-002,42653808,39,"Berberine-Drug Interactions: Mechanisms, Clinical Relevance and Risk Stratificat",
40,v3.1h-002,42666103,40,Clinical relevance of pharmacogenomic information for improving prescribing prac,
41,v3.1h-002,41278442,41,Pharmacological management of major complications following left ventricular ass,
42,v3.1h-002,42497636,42,Macrophage membrane camouflaged biomimetic nanomedicine for normalizing electric,
43,v3.1h-002,42662112,43,A Comparative Study to Evaluate the Renoprotective Effect of Antidiabetic Drugs ,
44,v3.1h-002,42254302,44,Current Trends in NSAID Prescribing for Osteoarthritis and Axial Spondyloarthrit,
45,v3.1h-002,42670540,45,Mechanisms and the Role of p38 MAPK Signaling in Doxorubicin-Induced Cardiotoxic,
46,v3.1h-002,42674049,46,A Near-Infrared Fluorescent Probe for Imaging Nitroxyl Dynamics in Ferroptosis-A,
47,v3.1h-002,38053572,47,Nephroprotective effects of diminazene on doxorubicin-induced acute kidney injur,
48,v3.1h-002,38758406,48,Screening for ferroptosis genes related to endometrial carcinoma and predicting ,
49,v3.1h-002,40978465,49,Abnormal Ca(2+) handling and reduced I(to) contribute to citalopram-induced QT p,
50,v3.1h-002,42662904,50,Early cardiac proteomic profiling in a long-latency doxorubicin cardiomyopathy m,
51,v3.1h-002,42359186,51,Early-Onset Amiodarone Pulmonary Toxicity at a Standard Maintenance Dose Masquer,
52,v3.1h-002,42647165,52,Pharmacotherapeutic considerations for the treatment of post-traumatic stress di,
54,v3.1h-002,42546121,54,Direct Oral Anticoagulants for Atrial Fibrillation in Patients Receiving Hemodia,
55,v3.1h-002,40825054,55,Analysis of hemorrhagic transformation and intracerebral hemorrhage under combin,
56,v3.1h-002,42675994,56,"An Adaptive, Time-Informed, Phenotype-Guided Pharmacological Framework for Sever",
57,v3.1h-002,31583609,57,Physiologically Based Pharmacokinetic Modelling to Identify Pharmacokinetic Para,
58,v3.1h-002,42679829,58,"Adolescent health across Asia Pacific, 2000-23: a systematic analysis for the Gl",
59,v3.1h-002,42515713,59,CYP2D6 Metabolizer Phenotype Is Associated with Early Antidepressant Discontinua,
60,v3.1h-002,42484991,60,Budget Impact of Eplerenone for Heart Failure with Reduced Ejection Fraction: Na,
4,v3.1h-021,41061201,4,Risk of Seizure Associated With Concomitant Use of Tramadol and Antidepressants ,
6,v3.1h-021,41766537,6,Increased Risk of Ischemic Events in Patients With Stroke Treated With Clopidogr,
7,v3.1h-021,42622073,7,Assessment of Pharmacokinetic Interaction and Clinical Efficacy of Clopidogrel C,
8,v3.1h-021,42413824,8,Direct oral anticoagulant use and drug-drug interactions in transplant recipient,
9,v3.1h-021,42580545,9,Non-steroidal anti-inflammatory drugs and CYP2C9 - Impacts of genetics and pheno,
10,v3.1h-021,42327596,10,Thrombosis and Survival after Prothrombin Complex Concentrate Use to treat Oral ,
11,v3.1h-021,40242084,11,Tramadol use and risk of seizure: A report of two cases and a review of recent l,
13,v3.1h-021,41406988,13,Trends and variation in the use of andexanet alfa for the reversal of direct ora,
15,v3.1h-021,42653808,15,"Berberine-Drug Interactions: Mechanisms, Clinical Relevance and Risk Stratificat",
16,v3.1h-021,40685887,16,Efficacy and Safety of Clopidogrel With and Without a Proton Pump Inhibitor: A S,
17,v3.1h-021,42293737,17,A UK-wide analysis of the use of reversal agents in 198 patients on direct oral ,
18,v3.1h-021,42595037,18,Evidence for the Use of Steroidal Aldosterone Antagonists in Patients With Kidne,
19,v3.1h-021,41347947,19,"Navigating complementary and alternative medicine use, medication adherence, and",
20,v3.1h-021,33777146,20,Severe Oral Mucosal Ulceration Associated with Oral Bisphosphonate Use: The Impo,
21,v3.1h-021,41754906,21,"An Overview of Anticoagulant Drugs Pharmacology, Therapeutic Approaches, Limitat",
22,v3.1h-021,41397500,22,Exploring the link between antipsychotic and antidepressant use and severe QT pr,
23,v3.1h-021,41100334,23,Review of Safety and Efficacy of Polmacoxib: A Novel Dual Inhibitor of Cyclo-oxy,
24,v3.1h-021,42437608,24,Influence of prior administration of gabapentin and integrative practices on sed,
25,v3.1h-021,41323006,25,"Randomized, Double-Blind, Placebo-Controlled, Dose-Ranging Comparison of the Ana",
27,v3.1h-021,42598366,27,"A 76-Year-Old Man With Hemorrhagic Stroke, Recurrent Thromboembolic Events, and ",
28,v3.1h-021,42448258,28,Anticoagulant Regimen for Nonvalvular Atrial Fibrillation in the Elderly and Fra,
29,v3.1h-021,42458467,29,Use of prescription medications potentially harmful during pregnancy among women,
30,v3.1h-021,42546121,30,Direct Oral Anticoagulants for Atrial Fibrillation in Patients Receiving Hemodia,
31,v3.1h-021,38374855,31,An Unusual Presentation of Cobblestone Esophagus From Bisphosphonate Use.,
32,v3.1h-021,27956102,32,Pharyngolaryngeal ulcers associated with the improper use of alendronate.,
33,v3.1h-021,41017291,33,Use of Drugs With Actionable Pharmacogenetic Biomarkers and Possible Prescribing,
35,v3.1h-021,42431357,35,"Oral use of anxiolytic, sedative, and anaesthetic medications in domestic cats (",
36,v3.1h-021,42499456,36,"Association of Proximal Tubule Secretion With Hyperkalemia Risk, Treatment Respo",
37,v3.1h-021,39114562,37,A network meta-analysis: evaluating the efficacy and safety of concurrent proton,
38,v3.1h-021,42121128,38,Evaluation of drugs and risk factors requiring therapeutic drug monitoring in th,
39,v3.1h-021,40357791,39,Antiplatelet-Proton Pump Inhibitor Interactions and Arterial Thrombotic Events: ,
40,v3.1h-021,42462752,40,Risk of fracture with gabapentinoid treatment in older adults: a multinational p,
41,v3.1h-021,42216360,41,Real-world off-label apixaban dosing and clinical outcomes in patients with hear,
42,v3.1h-021,40910969,42,The Risk of Breakthrough Cardiac Events Associated With Psychiatric Medications ,
43,v3.1h-021,42586461,43,Pharmacogenomic and drug interactions risk in cardio-oncology: A precision medic,
45,v3.1h-021,41733550,45,Cyclooxygenase-2 Inhibition and Anti-Platelet Aggregation Activity of Astaxanthi,
46,v3.1h-021,41452043,46,Rising Escitalopram Use in British Columbia: Is it Rational and Evidence-Informe,
47,v3.1h-021,41077316,47,Metabolic enzyme-mediated pharmacokinetic and pharmacodynamic interactions betwe,
48,v3.1h-021,42596979,48,Sertraline use in pregnancy and placental transfer: A pharmacokinetic prospectiv,
49,v3.1h-021,41818114,49,Dabigatran-induced Gastrointestinal Bleed Treated by 4-factor Prothrombin Comple,
50,v3.1h-021,28520369,50,Celecoxib Therapy and CYP2C9 Genotype.,
51,v3.1h-021,41840835,51,Signal detection of drug-induced esophageal ulcer across 20 years of real-world ,
52,v3.1h-021,39817374,52,Delineating CYP2C19-mediated Interactions: Network Pharmacology Investigation of,
53,v3.1h-021,40272900,53,In vitro seizure risk assessment using a microelectrode array and comparison wit,
54,v3.1h-021,42483729,54,"Once-Nightly Pregabalin for Co-Occurring Nightmares, Poor Sleep, and Headaches: ",
55,v3.1h-021,42374912,55,Risk of Hyperkalemia in Patients with Heart Failure Treated with Spironolactone ,
56,v3.1h-021,41489241,56,The role of a fixed combination of ibuprofen/paracetamol in the management of ac,
57,v3.1h-021,42398817,57,Rediscovering digitalis in heart failure with reduced ejection fraction: Current,
58,v3.1h-021,42238941,58,A Cross-Sectional Study on Oral Anticoagulant Utilization and Adverse Drug React,
59,v3.1h-021,42647942,59,Use of Corrected QT Cutoffs Derived from Biological Variation to Predict Adverse,
60,v3.1h-021,42481856,60,Integrating Clinical Evidence with PBPK Modeling to Assess PPI-Clopidogrel-CYP2C,
3,v3.1h-022,42622073,3,Assessment of Pharmacokinetic Interaction and Clinical Efficacy of Clopidogrel C,
6,v3.1h-022,41077316,6,Metabolic enzyme-mediated pharmacokinetic and pharmacodynamic interactions betwe,
7,v3.1h-022,41004670,7,"Correlation Between Escitalopram, Sertraline, and Fluoxetine Serum Levels and QT",
8,v3.1h-022,38676494,8,"A Review of the Association between Infections, Seizures, and Drugs.",
9,v3.1h-022,40149400,9,The Association Between Statin Drugs and Rhabdomyolysis: An Analysis of FDA Adve,
11,v3.1h-022,40685887,11,Efficacy and Safety of Clopidogrel With and Without a Proton Pump Inhibitor: A S,
12,v3.1h-022,41397500,12,Exploring the link between antipsychotic and antidepressant use and severe QT pr,
13,v3.1h-022,42294746,13,[Which aldosterone antagonist? Choosing between sprionolactone and the novel dru,
14,v3.1h-022,40357791,14,Antiplatelet-Proton Pump Inhibitor Interactions and Arterial Thrombotic Events: ,
15,v3.1h-022,42663925,15,Selective and Time-Dependent Alterations in Cytochrome P450 (CYP) Enzyme Activit,
16,v3.1h-022,40825054,16,Analysis of hemorrhagic transformation and intracerebral hemorrhage under combin,
17,v3.1h-022,42670022,17,Apixaban Dose Selection in Kidney Failure: Reconciling Pharmacokinetics and Clin,
18,v3.1h-022,41347947,18,"Navigating complementary and alternative medicine use, medication adherence, and",
20,v3.1h-022,42216360,20,Real-world off-label apixaban dosing and clinical outcomes in patients with hear,
21,v3.1h-022,42662739,21,Transporter Interactions of Methoxyflavones and Their In Vivo Pharmacokinetic Im,
22,v3.1h-022,40242084,22,Tramadol use and risk of seizure: A report of two cases and a review of recent l,
23,v3.1h-022,40978465,23,Abnormal Ca(2+) handling and reduced I(to) contribute to citalopram-induced QT p,
24,v3.1h-022,42636576,24,Real-world variability and factors associated with individual low-density-lipopr,
25,v3.1h-022,39114562,25,A network meta-analysis: evaluating the efficacy and safety of concurrent proton,
26,v3.1h-022,41754906,26,"An Overview of Anticoagulant Drugs Pharmacology, Therapeutic Approaches, Limitat",
27,v3.1h-022,42571795,27,Mechanistic insights into cytochrome P450 inhibition by progesterone and its imp,
28,v3.1h-022,39817374,28,Delineating CYP2C19-mediated Interactions: Network Pharmacology Investigation of,
29,v3.1h-022,42413824,29,Direct oral anticoagulant use and drug-drug interactions in transplant recipient,
30,v3.1h-022,42481856,30,Integrating Clinical Evidence with PBPK Modeling to Assess PPI-Clopidogrel-CYP2C,
31,v3.1h-022,42063765,31,Evaluation of community pharmacists' knowledge and real-world practices in drug ,
32,v3.1h-022,29262813,32,Renoprotective RAAS inhibition does not affect the association between worse ren,
33,v3.1h-022,42654146,33,Moxifloxacin-Mediated Downregulation of Intestinal P-Glycoprotein Alters the Pha,
34,v3.1h-022,42678094,34,Deciphering the Mechanisms of Statin-Ezetimibe Drug Combinations Using Boolean L,
35,v3.1h-022,41075377,35,Interpretation of the association between thyroid peroxidase antibodies and thyr,
36,v3.1h-022,40988289,36,Drug-drug interactions: A descriptive analysis of FDA adverse event reporting sy,
37,v3.1h-022,41833262,37,Pearls and Pitfalls for the Emergency Clinician: Beta Blocker and Calcium Channe,
38,v3.1h-022,41100334,38,Review of Safety and Efficacy of Polmacoxib: A Novel Dual Inhibitor of Cyclo-oxy,
39,v3.1h-022,42546121,39,Direct Oral Anticoagulants for Atrial Fibrillation in Patients Receiving Hemodia,
41,v3.1h-022,40881144,41,A Description of QT-Interval Prolonging Drug Interactions with Fluoroquinolones ,
42,v3.1h-022,42671218,42,Protective Effects of Luteolin Against Cisplatin-Induced Hepatic and Renal Toxic,
43,v3.1h-022,40915652,43,Nonsteroidal Anti-Inflammatory Drugs and Risk of Gastrointestinal Bleeding: A Sy,
44,v3.1h-022,42326111,44,Lascufloxacin-Induced QT Prolongation in an Elderly Patient Treated With Escital,
45,v3.1h-022,28520381,45,Metoprolol Therapy and CYP2D6 Genotype.,
46,v3.1h-022,41061201,46,Risk of Seizure Associated With Concomitant Use of Tramadol and Antidepressants ,
47,v3.1h-022,38006536,47,Clinical and Laboratory Factors Related to Seizure and Serotonin Toxicity in Tra,
48,v3.1h-022,42632694,48,Oral co-delivery of quercetin and anthocyanins via dual-ligand nanoparticles all,
49,v3.1h-022,42628776,49,Differentiating hepatic and renal toxicity reveals CYP-independent mechanisms of,
50,v3.1h-022,42603144,50,Differential Quantification of Cutibacterium acnes Phylotypes IA and IB/II on He,
51,v3.1h-022,40198642,51,Impact of Ginkgo biloba drug interactions on bleeding risk and coagulation profi,
52,v3.1h-022,42679743,52,Dual-response mitochondria-targeted fluorescent probe for Hypochlorous acid and ,
53,v3.1h-022,41112691,53,Risk Factors Associated with Thrombus Development Following Pharmacologic Antico,
54,v3.1h-022,42332214,54,Optimizing Amiodarone Maintenance Dose to Minimize N-Desethylamiodarone Accumula,
55,v3.1h-022,40771914,55,"Pharmacodynamics, pharmacokinetics, interactions with other drugs, toxicity and ",
56,v3.1h-022,41748094,56,Heart Rate-Corrected QT Interval Dynamics Following Antidepressant Switching fro,
57,v3.1h-022,42366486,57,Finerenone and Cardiorenal Outcomes: A Narrative Review.,
58,v3.1h-022,42680287,58,Lipid-lowering and hepatoprotective effects of Ocimum sanctum L. (Thai holy basi,
59,v3.1h-022,42653071,59,Safety and Efficacy Assessment of Cannabis Plant Compared to Atorvastatin for Li,
60,v3.1h-022,42662351,60,Sertraline-induced fetotoxicity in mice: Protective effects of vitamin E on foet,
2,v3.1h-023,42622073,2,Assessment of Pharmacokinetic Interaction and Clinical Efficacy of Clopidogrel C,
8,v3.1h-023,42653808,8,"Berberine-Drug Interactions: Mechanisms, Clinical Relevance and Risk Stratificat",
9,v3.1h-023,41766537,9,Increased Risk of Ischemic Events in Patients With Stroke Treated With Clopidogr,
10,v3.1h-023,42438581,10,Unmasking Refractory Hypothyroidism: Persistent Iron-Levothyroxine Interaction D,
11,v3.1h-023,41347947,11,"Navigating complementary and alternative medicine use, medication adherence, and",
12,v3.1h-023,40198642,12,Impact of Ginkgo biloba drug interactions on bleeding risk and coagulation profi,
13,v3.1h-023,41061201,13,Risk of Seizure Associated With Concomitant Use of Tramadol and Antidepressants ,
14,v3.1h-023,40357791,14,Antiplatelet-Proton Pump Inhibitor Interactions and Arterial Thrombotic Events: ,
15,v3.1h-023,40149400,15,The Association Between Statin Drugs and Rhabdomyolysis: An Analysis of FDA Adve,
16,v3.1h-023,40978465,16,Abnormal Ca(2+) handling and reduced I(to) contribute to citalopram-induced QT p,
18,v3.1h-023,41397500,18,Exploring the link between antipsychotic and antidepressant use and severe QT pr,
19,v3.1h-023,40915652,19,Nonsteroidal Anti-Inflammatory Drugs and Risk of Gastrointestinal Bleeding: A Sy,
20,v3.1h-023,42216360,20,Real-world off-label apixaban dosing and clinical outcomes in patients with hear,
21,v3.1h-023,42128628,21,Comparative efficacy and safety of apixaban and rivaroxaban versus warfarin in a,
22,v3.1h-023,41077316,22,Metabolic enzyme-mediated pharmacokinetic and pharmacodynamic interactions betwe,
23,v3.1h-023,41004670,23,"Correlation Between Escitalopram, Sertraline, and Fluoxetine Serum Levels and QT",
24,v3.1h-023,40685887,24,Efficacy and Safety of Clopidogrel With and Without a Proton Pump Inhibitor: A S,
25,v3.1h-023,42632694,25,Oral co-delivery of quercetin and anthocyanins via dual-ligand nanoparticles all,
26,v3.1h-023,39114562,26,A network meta-analysis: evaluating the efficacy and safety of concurrent proton,
27,v3.1h-023,29262813,27,Renoprotective RAAS inhibition does not affect the association between worse ren,
28,v3.1h-023,42489609,28,Cilostazol-Induced Digoxin Toxicity Presenting as Accelerated Idioventricular Rh,
29,v3.1h-023,42063765,29,Evaluation of community pharmacists' knowledge and real-world practices in drug ,
30,v3.1h-023,42128899,30,Cilostazol mitigates amiodarone-induced pulmonary toxicity and fibrosis by regul,
31,v3.1h-023,42159622,31,The hidden impact of renal impairment on ribociclib exposure and co-medications:,
32,v3.1h-023,42586461,32,Pharmacogenomic and drug interactions risk in cardio-oncology: A precision medic,
33,v3.1h-023,39817374,33,Delineating CYP2C19-mediated Interactions: Network Pharmacology Investigation of,
34,v3.1h-023,40242084,34,Tramadol use and risk of seizure: A report of two cases and a review of recent l,
35,v3.1h-023,42670022,35,Apixaban Dose Selection in Kidney Failure: Reconciling Pharmacokinetics and Clin,
36,v3.1h-023,42580545,36,Non-steroidal anti-inflammatory drugs and CYP2C9 - Impacts of genetics and pheno,
37,v3.1h-023,42678094,37,Deciphering the Mechanisms of Statin-Ezetimibe Drug Combinations Using Boolean L,
38,v3.1h-023,40272900,38,In vitro seizure risk assessment using a microelectrode array and comparison wit,
39,v3.1h-023,42595037,39,Evidence for the Use of Steroidal Aldosterone Antagonists in Patients With Kidne,
40,v3.1h-023,42121128,40,Evaluation of drugs and risk factors requiring therapeutic drug monitoring in th,
41,v3.1h-023,40881144,41,A Description of QT-Interval Prolonging Drug Interactions with Fluoroquinolones ,
42,v3.1h-023,40910969,42,The Risk of Breakthrough Cardiac Events Associated With Psychiatric Medications ,
43,v3.1h-023,42462752,43,Risk of fracture with gabapentinoid treatment in older adults: a multinational p,
44,v3.1h-023,42590087,44,"Digoxin Dosing Errors, Drug Interactions and Off-Label Risks: Insights from an E",
45,v3.1h-023,41112691,45,Risk Factors Associated with Thrombus Development Following Pharmacologic Antico,
46,v3.1h-023,41278442,46,Pharmacological management of major complications following left ventricular ass,
47,v3.1h-023,41840835,47,Signal detection of drug-induced esophageal ulcer across 20 years of real-world ,
48,v3.1h-023,42483729,48,"Once-Nightly Pregabalin for Co-Occurring Nightmares, Poor Sleep, and Headaches: ",
49,v3.1h-023,42682722,49,PRO/CON debate: nonsteroidal versus steroidal mineralocorticoid receptor antagon,
50,v3.1h-023,41833262,50,Pearls and Pitfalls for the Emergency Clinician: Beta Blocker and Calcium Channe,
51,v3.1h-023,42662112,51,A Comparative Study to Evaluate the Renoprotective Effect of Antidiabetic Drugs ,
52,v3.1h-023,41100334,52,Review of Safety and Efficacy of Polmacoxib: A Novel Dual Inhibitor of Cyclo-oxy,
53,v3.1h-023,42055120,53,"Impact of Fluoxetine Brain Concentrations, Plasma Exposure, and Neurometabolism ",
54,v3.1h-023,42481856,54,Integrating Clinical Evidence with PBPK Modeling to Assess PPI-Clopidogrel-CYP2C,
55,v3.1h-023,42413824,55,Direct oral anticoagulant use and drug-drug interactions in transplant recipient,
56,v3.1h-023,42671218,56,Protective Effects of Luteolin Against Cisplatin-Induced Hepatic and Renal Toxic,
57,v3.1h-023,42364820,57,Finerenone: a next-generation nonsteroidal mineralocorticoid receptor antagonist,
58,v3.1h-023,28520381,58,Metoprolol Therapy and CYP2D6 Genotype.,
59,v3.1h-023,42294746,59,[Which aldosterone antagonist? Choosing between sprionolactone and the novel dru,
60,v3.1h-023,28520369,60,Celecoxib Therapy and CYP2C9 Genotype.,
2,v3.1h-046,42595240,2,Xenobiotic-Induced Liver Injury in the United States: A 25-Year Retrospective An,
4,v3.1h-046,42631638,4,Diallyl trisulfide ameliorates acetaminophen-induced acute liver injury through ,
5,v3.1h-046,42573610,5,Paracetamol-induced hepatic injury following intentional self-poisoning: a case ,
6,v3.1h-046,42638417,6,The Bacterial Metabolite Lndole-3-Propionic Acid Alleviates Acetaminophen-Induce,
7,v3.1h-046,40988289,7,Drug-drug interactions: A descriptive analysis of FDA adverse event reporting sy,
8,v3.1h-046,42528583,8,Amiodarone-induced granulomatous lung injury mimicking organizing pneumonia: a c,
10,v3.1h-046,42678243,10,MSCs overexpressing FGF21 alleviate acetaminophen-induced acute liver injury by ,
12,v3.1h-046,42192153,12,Folic acid attenuates maternal sertraline-induced hepatic injury in rat offsprin,
13,v3.1h-046,42413824,13,Direct oral anticoagulant use and drug-drug interactions in transplant recipient,
15,v3.1h-046,42466914,15,Amiodarone-induced pulmonary toxicity: case series and review of clinical-radiol,
16,v3.1h-046,38832136,16,From pill to pain: Alendronate-induced esophageal injury-A case report and revie,
17,v3.1h-046,42429832,17,Current perspectives on natural and pharmacological interventions for combating ,
18,v3.1h-046,38053572,18,Nephroprotective effects of diminazene on doxorubicin-induced acute kidney injur,
19,v3.1h-046,41808861,19,Network toxicology reveals key genes of amiodarone induced pulmonary fibrosis: b,
20,v3.1h-046,42665174,20,Acetaminophen-induced developmental neurobehavioral and sensory organ toxicity i,
22,v3.1h-046,42590087,22,"Digoxin Dosing Errors, Drug Interactions and Off-Label Risks: Insights from an E",
23,v3.1h-046,42652369,23,"Shifting Public Interest in Liver Health, Hepatotoxic Medications, and Dietary S",
25,v3.1h-046,38710058,25,"The Salutary Effects of Diminazene, Lisinopril or Valsartan on Cisplatin - Induc",
26,v3.1h-046,41840835,26,Signal detection of drug-induced esophageal ulcer across 20 years of real-world ,
27,v3.1h-046,42586461,27,Pharmacogenomic and drug interactions risk in cardio-oncology: A precision medic,
28,v3.1h-046,42662351,28,Sertraline-induced fetotoxicity in mice: Protective effects of vitamin E on foet,
29,v3.1h-046,31583609,29,Physiologically Based Pharmacokinetic Modelling to Identify Pharmacokinetic Para,
30,v3.1h-046,42489609,30,Cilostazol-Induced Digoxin Toxicity Presenting as Accelerated Idioventricular Rh,
31,v3.1h-046,42670801,31,Therapeutic Potential of Nanocurcumin in Mitigating Duloxetine-Induced Hepatic D,
32,v3.1h-046,40825054,32,Analysis of hemorrhagic transformation and intracerebral hemorrhage under combin,
33,v3.1h-046,42671218,33,Protective Effects of Luteolin Against Cisplatin-Induced Hepatic and Renal Toxic,
34,v3.1h-046,42665114,34,Doxorubicin-induced Cardiotoxicity is Propagated by Paracrine Signaling through ,
35,v3.1h-046,40978465,35,Abnormal Ca(2+) handling and reduced I(to) contribute to citalopram-induced QT p,
37,v3.1h-046,42663925,37,Selective and Time-Dependent Alterations in Cytochrome P450 (CYP) Enzyme Activit,
38,v3.1h-046,42128899,38,Cilostazol mitigates amiodarone-induced pulmonary toxicity and fibrosis by regul,
39,v3.1h-046,42679743,39,Dual-response mitochondria-targeted fluorescent probe for Hypochlorous acid and ,
40,v3.1h-046,42359186,40,Early-Onset Amiodarone Pulmonary Toxicity at a Standard Maintenance Dose Masquer,
41,v3.1h-046,42678242,41,Hepatoprotective effects of resolvin D1 in mice exposed to ethanol and galactosa,
42,v3.1h-046,42654146,42,Moxifloxacin-Mediated Downregulation of Intestinal P-Glycoprotein Alters the Pha,
43,v3.1h-046,42045358,43,Prevalence of drug-induced interstitial lung disease in Saudi Arabia: a real-wor,
44,v3.1h-046,41828566,44,"Integrating Network Toxicology, Machine Learning, and Molecular Dynamics to Expl",
45,v3.1h-046,40149400,45,The Association Between Statin Drugs and Rhabdomyolysis: An Analysis of FDA Adve,
46,v3.1h-046,42662744,46,Perfluoroether Peptide-Modified Artificial Viral Capsid for Enhanced Doxorubicin,
47,v3.1h-046,42580545,47,Non-steroidal anti-inflammatory drugs and CYP2C9 - Impacts of genetics and pheno,
48,v3.1h-046,40771914,48,"Pharmacodynamics, pharmacokinetics, interactions with other drugs, toxicity and ",
49,v3.1h-046,42674100,49,Drug Repurposing Signals for Abdominal Aortic Aneurysms.,
50,v3.1h-046,42680287,50,Lipid-lowering and hepatoprotective effects of Ocimum sanctum L. (Thai holy basi,
51,v3.1h-046,42633086,51,Nivolumab after recurrent pembrolizumab-associated hepatotoxicity in PD-L1-high ,
52,v3.1h-046,42294746,52,[Which aldosterone antagonist? Choosing between sprionolactone and the novel dru,
53,v3.1h-046,42675227,53,Stevioside promotes hepatocyte proliferation via YAP signaling in cholestatic di,
54,v3.1h-046,42558881,54,Drug-associated psoriasis: a pharmacovigilance study based on the FAERS database,
55,v3.1h-046,42591558,55,Physiologically based pharmacokinetic modeling of fluconazole: interpretation of,
56,v3.1h-046,42366387,56,Cannabidiol as an adjunct in refractory paroxysmal sympathetic hyperactivity fol,
58,v3.1h-046,42675994,58,"An Adaptive, Time-Informed, Phenotype-Guided Pharmacological Framework for Sever",
59,v3.1h-046,41077316,59,Metabolic enzyme-mediated pharmacokinetic and pharmacodynamic interactions betwe,
60,v3.1h-046,41839242,60,ABI3BP protects against cerebral ischemia-reperfusion injury by preserving blood,
3,v3.1h-047,41766537,3,Increased Risk of Ischemic Events in Patients With Stroke Treated With Clopidogr,
4,v3.1h-047,42595037,4,Evidence for the Use of Steroidal Aldosterone Antagonists in Patients With Kidne,
5,v3.1h-047,40910969,5,The Risk of Breakthrough Cardiac Events Associated With Psychiatric Medications ,
7,v3.1h-047,42326111,7,Lascufloxacin-Induced QT Prolongation in an Elderly Patient Treated With Escital,
9,v3.1h-047,42462752,9,Risk of fracture with gabapentinoid treatment in older adults: a multinational p,
10,v3.1h-047,32666144,10,Upper gastrointestinal safety of oral bisphosphonate in hospitalized patients.,
11,v3.1h-047,41061201,11,Risk of Seizure Associated With Concomitant Use of Tramadol and Antidepressants ,
12,v3.1h-047,42636576,12,Real-world variability and factors associated with individual low-density-lipopr,
13,v3.1h-047,42128628,13,Comparative efficacy and safety of apixaban and rivaroxaban versus warfarin in a,
14,v3.1h-047,42662112,14,A Comparative Study to Evaluate the Renoprotective Effect of Antidiabetic Drugs ,
15,v3.1h-047,42670520,15,Younger Age is Associated with Treatment and Complication Outcomes Among Type 2 ,
16,v3.1h-047,42546121,16,Direct Oral Anticoagulants for Atrial Fibrillation in Patients Receiving Hemodia,
17,v3.1h-047,27956102,17,Pharyngolaryngeal ulcers associated with the improper use of alendronate.,
18,v3.1h-047,41818114,18,Dabigatran-induced Gastrointestinal Bleed Treated by 4-factor Prothrombin Comple,
19,v3.1h-047,37539955,19,Interventions for chronic kidney disease in people with sickle cell disease.,
20,v3.1h-047,40915652,20,Nonsteroidal Anti-Inflammatory Drugs and Risk of Gastrointestinal Bleeding: A Sy,
21,v3.1h-047,42658230,21,Supratherapeutic Digoxin Levels in Children with Cardiac Disease.,
23,v3.1h-047,41347947,23,"Navigating complementary and alternative medicine use, medication adherence, and",
24,v3.1h-047,41225655,24,TNF-α inhibitor etanercept improves cerebrovascular function in elderly RA patie,
26,v3.1h-047,40618353,26,[Management of emergencies in direct oral anticoagulant-treated patients: practi,
27,v3.1h-047,42128899,27,Cilostazol mitigates amiodarone-induced pulmonary toxicity and fibrosis by regul,
28,v3.1h-047,42663261,28,"Clinical outcomes of ""massive"" acetaminophen overdose treated with standard vs. ",
29,v3.1h-047,42087312,29,Anticoagulation in Patients With Gastrointestinal Disease.,
30,v3.1h-047,41278442,30,Pharmacological management of major complications following left ventricular ass,
31,v3.1h-047,42637515,31,An uncommon side effect of statins: perioral neuropathic symptoms.,
32,v3.1h-047,42682722,32,PRO/CON debate: nonsteroidal versus steroidal mineralocorticoid receptor antagon,
33,v3.1h-047,30626809,33,Symptoms and Upper Gastrointestinal Mucosal Injury Associated with Bisphosphonat,
34,v3.1h-047,40272900,34,In vitro seizure risk assessment using a microelectrode array and comparison wit,
35,v3.1h-047,42489609,35,Cilostazol-Induced Digoxin Toxicity Presenting as Accelerated Idioventricular Rh,
36,v3.1h-047,40289797,36,Association of Biomarkers With Intracerebral Hematoma Expansion and Arterial Thr,
37,v3.1h-047,41112691,37,Risk Factors Associated with Thrombus Development Following Pharmacologic Antico,
39,v3.1h-047,42481856,39,Integrating Clinical Evidence with PBPK Modeling to Assess PPI-Clopidogrel-CYP2C,
40,v3.1h-047,40978465,40,Abnormal Ca(2+) handling and reduced I(to) contribute to citalopram-induced QT p,
41,v3.1h-047,42436620,41,Research on drug interactions and efficacy optimization of combined medication f,
42,v3.1h-047,42670022,42,Apixaban Dose Selection in Kidney Failure: Reconciling Pharmacokinetics and Clin,
43,v3.1h-047,39430173,43,Prospective Trial on the Pharmacokinetics of Clopidogrel in Hemodialysis Patient,
44,v3.1h-047,40149400,44,The Association Between Statin Drugs and Rhabdomyolysis: An Analysis of FDA Adve,
45,v3.1h-047,41004670,45,"Correlation Between Escitalopram, Sertraline, and Fluoxetine Serum Levels and QT",
46,v3.1h-047,42584699,46,"The ""obesity paradox"" in dosing: a comprehensive analytical review of cockcroft-",
47,v3.1h-047,42364820,47,Finerenone: a next-generation nonsteroidal mineralocorticoid receptor antagonist,
48,v3.1h-047,38710058,48,"The Salutary Effects of Diminazene, Lisinopril or Valsartan on Cisplatin - Induc",
49,v3.1h-047,40242084,49,Tramadol use and risk of seizure: A report of two cases and a review of recent l,
50,v3.1h-047,42121128,50,Evaluation of drugs and risk factors requiring therapeutic drug monitoring in th,
51,v3.1h-047,42666103,51,Clinical relevance of pharmacogenomic information for improving prescribing prac,
52,v3.1h-047,42647942,52,Use of Corrected QT Cutoffs Derived from Biological Variation to Predict Adverse,
53,v3.1h-047,42586461,53,Pharmacogenomic and drug interactions risk in cardio-oncology: A precision medic,
54,v3.1h-047,40198642,54,Impact of Ginkgo biloba drug interactions on bleeding risk and coagulation profi,
55,v3.1h-047,42458467,55,Use of prescription medications potentially harmful during pregnancy among women,
56,v3.1h-047,42483729,56,"Once-Nightly Pregabalin for Co-Occurring Nightmares, Poor Sleep, and Headaches: ",
57,v3.1h-047,42580545,57,Non-steroidal anti-inflammatory drugs and CYP2C9 - Impacts of genetics and pheno,
58,v3.1h-047,33777146,58,Severe Oral Mucosal Ulceration Associated with Oral Bisphosphonate Use: The Impo,
59,v3.1h-047,42522519,59,Examining the safety of dermatological and surgical procedures in patients under,
60,v3.1h-047,41397500,60,Exploring the link between antipsychotic and antidepressant use and severe QT pr,
3,v3.1h-066,37539955,3,Interventions for chronic kidney disease in people with sickle cell disease.,
4,v3.1h-066,42128628,4,Comparative efficacy and safety of apixaban and rivaroxaban versus warfarin in a,
5,v3.1h-066,42159622,5,The hidden impact of renal impairment on ribociclib exposure and co-medications:,
6,v3.1h-066,29262813,6,Renoprotective RAAS inhibition does not affect the association between worse ren,
8,v3.1h-066,42216360,8,Real-world off-label apixaban dosing and clinical outcomes in patients with hear,
9,v3.1h-066,36300543,9,"The effect of diminazene, an angiotensin-converting enzyme 2 activator, on adeni",
10,v3.1h-066,42682722,10,PRO/CON debate: nonsteroidal versus steroidal mineralocorticoid receptor antagon,
11,v3.1h-066,42087312,11,Anticoagulation in Patients With Gastrointestinal Disease.,
12,v3.1h-066,42628776,12,Differentiating hepatic and renal toxicity reveals CYP-independent mechanisms of,
13,v3.1h-066,42671218,13,Protective Effects of Luteolin Against Cisplatin-Induced Hepatic and Renal Toxic,
14,v3.1h-066,42374912,14,Risk of Hyperkalemia in Patients with Heart Failure Treated with Spironolactone ,
15,v3.1h-066,33777146,15,Severe Oral Mucosal Ulceration Associated with Oral Bisphosphonate Use: The Impo,
16,v3.1h-066,41846702,16,Acute Myocardial Infarction Secondary to Triple Vessel Coronary Artery Disease i,
17,v3.1h-066,42045358,17,Prevalence of drug-induced interstitial lung disease in Saudi Arabia: a real-wor,
19,v3.1h-066,42595037,19,Evidence for the Use of Steroidal Aldosterone Antagonists in Patients With Kidne,
20,v3.1h-066,42584699,20,"The ""obesity paradox"" in dosing: a comprehensive analytical review of cockcroft-",
21,v3.1h-066,38053572,21,Nephroprotective effects of diminazene on doxorubicin-induced acute kidney injur,
22,v3.1h-066,42125454,22,Milnacipran continuation during pregnancy in a patient with severe post-traumati,
23,v3.1h-066,41397500,23,Exploring the link between antipsychotic and antidepressant use and severe QT pr,
24,v3.1h-066,40406172,24,Digoxin for Fetal Tachyarrhythmia: Toxicity in an Underweight Mother.,
25,v3.1h-066,42192153,25,Folic acid attenuates maternal sertraline-induced hepatic injury in rat offsprin,
26,v3.1h-066,42448258,26,Anticoagulant Regimen for Nonvalvular Atrial Fibrillation in the Elderly and Fra,
27,v3.1h-066,42662112,27,A Comparative Study to Evaluate the Renoprotective Effect of Antidiabetic Drugs ,
28,v3.1h-066,38710058,28,"The Salutary Effects of Diminazene, Lisinopril or Valsartan on Cisplatin - Induc",
29,v3.1h-066,42658230,29,Supratherapeutic Digoxin Levels in Children with Cardiac Disease.,
30,v3.1h-066,41278442,30,Pharmacological management of major complications following left ventricular ass,
31,v3.1h-066,42675227,31,Stevioside promotes hepatocyte proliferation via YAP signaling in cholestatic di,
32,v3.1h-066,42366387,32,Cannabidiol as an adjunct in refractory paroxysmal sympathetic hyperactivity fol,
33,v3.1h-066,42675994,33,"An Adaptive, Time-Informed, Phenotype-Guided Pharmacological Framework for Sever",
36,v3.1h-066,42546121,36,Direct Oral Anticoagulants for Atrial Fibrillation in Patients Receiving Hemodia,
37,v3.1h-066,42436620,37,Research on drug interactions and efficacy optimization of combined medication f,
38,v3.1h-066,41347947,38,"Navigating complementary and alternative medicine use, medication adherence, and",
39,v3.1h-066,42679829,39,"Adolescent health across Asia Pacific, 2000-23: a systematic analysis for the Gl",
40,v3.1h-066,42653071,40,Safety and Efficacy Assessment of Cannabis Plant Compared to Atorvastatin for Li,
41,v3.1h-066,42637515,41,An uncommon side effect of statins: perioral neuropathic symptoms.,
42,v3.1h-066,41406988,42,Trends and variation in the use of andexanet alfa for the reversal of direct ora,
43,v3.1h-066,42633086,43,Nivolumab after recurrent pembrolizumab-associated hepatotoxicity in PD-L1-high ,
44,v3.1h-066,42630019,44,Pharmacogenomics in Dentistry: From CYP-Mediated Drug Response to Precision Pres,
45,v3.1h-066,42645604,45,Berberine-associated lipid-inflammatory regulation in atherosclerosis: an integr,
46,v3.1h-066,40272900,46,In vitro seizure risk assessment using a microelectrode array and comparison wit,
47,v3.1h-066,42364820,47,Finerenone: a next-generation nonsteroidal mineralocorticoid receptor antagonist,
48,v3.1h-066,41818114,48,Dabigatran-induced Gastrointestinal Bleed Treated by 4-factor Prothrombin Comple,
49,v3.1h-066,42499456,49,"Association of Proximal Tubule Secretion With Hyperkalemia Risk, Treatment Respo",
50,v3.1h-066,41976898,50,Anticoagulation Stewardship Program in the DOAC Era.,
51,v3.1h-066,42653808,51,"Berberine-Drug Interactions: Mechanisms, Clinical Relevance and Risk Stratificat",
52,v3.1h-066,42652369,52,"Shifting Public Interest in Liver Health, Hepatotoxic Medications, and Dietary S",
53,v3.1h-066,42128899,53,Cilostazol mitigates amiodarone-induced pulmonary toxicity and fibrosis by regul,
54,v3.1h-066,41733550,54,Cyclooxygenase-2 Inhibition and Anti-Platelet Aggregation Activity of Astaxanthi,
55,v3.1h-066,42398817,55,Rediscovering digitalis in heart failure with reduced ejection fraction: Current,
56,v3.1h-066,42580175,56,Iodine excess in relation to decreased free thyroxine levels during pregnancy in,
57,v3.1h-066,42669317,57,Ethical considerations in suspected isotretinoin nonadherence and/or diversion.,
58,v3.1h-066,42458467,58,Use of prescription medications potentially harmful during pregnancy among women,
59,v3.1h-066,32666144,59,Upper gastrointestinal safety of oral bisphosphonate in hospitalized patients.,
60,v3.1h-066,41848246,60,[Nausea and dystonia in a woman with psychiatric illness].,
4,v3.1h-067,41098965,4,Procoagulant off-target effect of the direct oral anticoagulant reversal agent A,
6,v3.1h-067,41748094,6,Heart Rate-Corrected QT Interval Dynamics Following Antidepressant Switching fro,
7,v3.1h-067,42598366,7,"A 76-Year-Old Man With Hemorrhagic Stroke, Recurrent Thromboembolic Events, and ",
8,v3.1h-067,42448258,8,Anticoagulant Regimen for Nonvalvular Atrial Fibrillation in the Elderly and Fra,
9,v3.1h-067,42238941,9,A Cross-Sectional Study on Oral Anticoagulant Utilization and Adverse Drug React,
10,v3.1h-067,42206096,10,"Anticoagulation associated intracerebral haemorrhage trends, treatment and outco",
11,v3.1h-067,42546121,11,Direct Oral Anticoagulants for Atrial Fibrillation in Patients Receiving Hemodia,
12,v3.1h-067,42216360,12,Real-world off-label apixaban dosing and clinical outcomes in patients with hear,
13,v3.1h-067,41004670,13,"Correlation Between Escitalopram, Sertraline, and Fluoxetine Serum Levels and QT",
14,v3.1h-067,42327596,14,Thrombosis and Survival after Prothrombin Complex Concentrate Use to treat Oral ,
15,v3.1h-067,41754906,15,"An Overview of Anticoagulant Drugs Pharmacology, Therapeutic Approaches, Limitat",
16,v3.1h-067,42670022,16,Apixaban Dose Selection in Kidney Failure: Reconciling Pharmacokinetics and Clin,
17,v3.1h-067,41976898,17,Anticoagulation Stewardship Program in the DOAC Era.,
18,v3.1h-067,42413824,18,Direct oral anticoagulant use and drug-drug interactions in transplant recipient,
19,v3.1h-067,41463106,19,Reconsidering Digoxin in Atrial Fibrillation: From Historical Controversy to Phy,
20,v3.1h-067,41112691,20,Risk Factors Associated with Thrombus Development Following Pharmacologic Antico,
21,v3.1h-067,39430173,21,Prospective Trial on the Pharmacokinetics of Clopidogrel in Hemodialysis Patient,
22,v3.1h-067,42087312,22,Anticoagulation in Patients With Gastrointestinal Disease.,
23,v3.1h-067,42636576,23,Real-world variability and factors associated with individual low-density-lipopr,
24,v3.1h-067,42647942,24,Use of Corrected QT Cutoffs Derived from Biological Variation to Predict Adverse,
25,v3.1h-067,42658230,25,Supratherapeutic Digoxin Levels in Children with Cardiac Disease.,
26,v3.1h-067,42438581,26,Unmasking Refractory Hypothyroidism: Persistent Iron-Levothyroxine Interaction D,
27,v3.1h-067,42394350,27,"The DOAC-FRAIL Study-Same Dose, Different Story: Prevalence of Deviant Direct Or",
28,v3.1h-067,28520369,28,Celecoxib Therapy and CYP2C9 Genotype.,
29,v3.1h-067,42665888,29,EXPRESS: Effect of oral gabapentin administered in-hospital on behavioral stress,
30,v3.1h-067,42630019,30,Pharmacogenomics in Dentistry: From CYP-Mediated Drug Response to Precision Pres,
31,v3.1h-067,42438486,31,"A first-in-human study evaluating safety, PK, and PD of a novel universal antico",
32,v3.1h-067,41406988,32,Trends and variation in the use of andexanet alfa for the reversal of direct ora,
33,v3.1h-067,42269153,33,Antidotes for Anticoagulation Reversal.,
34,v3.1h-067,41818114,34,Dabigatran-induced Gastrointestinal Bleed Treated by 4-factor Prothrombin Comple,
35,v3.1h-067,42415794,35,Pharmacovigilance profiles of three generations of mineralocorticoid receptor an,
36,v3.1h-067,42293737,36,A UK-wide analysis of the use of reversal agents in 198 patients on direct oral ,
37,v3.1h-067,41141842,37,Andexanet alfa for the reversal of the low-molecular-weight heparin enoxaparin.,
38,v3.1h-067,40825054,38,Analysis of hemorrhagic transformation and intracerebral hemorrhage under combin,
39,v3.1h-067,40289797,39,Association of Biomarkers With Intracerebral Hematoma Expansion and Arterial Thr,
40,v3.1h-067,42359186,40,Early-Onset Amiodarone Pulmonary Toxicity at a Standard Maintenance Dose Masquer,
41,v3.1h-067,42295720,41,Continuous alternate day vs intermittent daily fixed doses of oral isotretinoin ,
42,v3.1h-067,42181774,42,Transient abnormal acylcarnitine profile in newborn screening mimicking multiple,
43,v3.1h-067,42364820,43,Finerenone: a next-generation nonsteroidal mineralocorticoid receptor antagonist,
44,v3.1h-067,42332214,44,Optimizing Amiodarone Maintenance Dose to Minimize N-Desethylamiodarone Accumula,
45,v3.1h-067,40828441,45,Oral anticoagulants-related bleeding: what happens in the emergency room? The Ga,
46,v3.1h-067,42622073,46,Assessment of Pharmacokinetic Interaction and Clinical Efficacy of Clopidogrel C,
47,v3.1h-067,31583609,47,Physiologically Based Pharmacokinetic Modelling to Identify Pharmacokinetic Para,
48,v3.1h-067,40978465,48,Abnormal Ca(2+) handling and reduced I(to) contribute to citalopram-induced QT p,
49,v3.1h-067,41278442,49,Pharmacological management of major complications following left ventricular ass,
50,v3.1h-067,42034022,50,Lower dosing of Loxoprofen in type two diabetics with bone fractures/surgeries; ,
51,v3.1h-067,41977337,51,Pharmacological Management of Thrombosis: Current State and Future Strategies.,
52,v3.1h-067,40618353,52,[Management of emergencies in direct oral anticoagulant-treated patients: practi,
53,v3.1h-067,29262813,53,Renoprotective RAAS inhibition does not affect the association between worse ren,
54,v3.1h-067,40198642,54,Impact of Ginkgo biloba drug interactions on bleeding risk and coagulation profi,
55,v3.1h-067,42654146,55,Moxifloxacin-Mediated Downregulation of Intestinal P-Glycoprotein Alters the Pha,
56,v3.1h-067,40915652,56,Nonsteroidal Anti-Inflammatory Drugs and Risk of Gastrointestinal Bleeding: A Sy,
57,v3.1h-067,42666103,57,Clinical relevance of pharmacogenomic information for improving prescribing prac,
58,v3.1h-067,42590087,58,"Digoxin Dosing Errors, Drug Interactions and Off-Label Risks: Insights from an E",
59,v3.1h-067,41846702,59,Acute Myocardial Infarction Secondary to Triple Vessel Coronary Artery Disease i,
60,v3.1h-067,41225655,60,TNF-α inhibitor etanercept improves cerebrovascular function in elderly RA patie,
2,v3.1h-069,40988289,2,Drug-drug interactions: A descriptive analysis of FDA adverse event reporting sy,
3,v3.1h-069,42466914,3,Amiodarone-induced pulmonary toxicity: case series and review of clinical-radiol,
6,v3.1h-069,42429832,6,Current perspectives on natural and pharmacological interventions for combating ,
7,v3.1h-069,42653173,7,Molecular Mechanisms of Acute Drug Toxicity in Polypharmacy: Analgesic-Psychotro,
8,v3.1h-069,42628776,8,Differentiating hepatic and renal toxicity reveals CYP-independent mechanisms of,
9,v3.1h-069,42595240,9,Xenobiotic-Induced Liver Injury in the United States: A 25-Year Retrospective An,
10,v3.1h-069,42413824,10,Direct oral anticoagulant use and drug-drug interactions in transplant recipient,
11,v3.1h-069,42631638,11,Diallyl trisulfide ameliorates acetaminophen-induced acute liver injury through ,
12,v3.1h-069,42045358,12,Prevalence of drug-induced interstitial lung disease in Saudi Arabia: a real-wor,
13,v3.1h-069,42573610,13,Paracetamol-induced hepatic injury following intentional self-poisoning: a case ,
14,v3.1h-069,42192153,14,Folic acid attenuates maternal sertraline-induced hepatic injury in rat offsprin,
15,v3.1h-069,42662351,15,Sertraline-induced fetotoxicity in mice: Protective effects of vitamin E on foet,
16,v3.1h-069,42671218,16,Protective Effects of Luteolin Against Cisplatin-Induced Hepatic and Renal Toxic,
17,v3.1h-069,41840835,17,Signal detection of drug-induced esophageal ulcer across 20 years of real-world ,
18,v3.1h-069,42528583,18,Amiodarone-induced granulomatous lung injury mimicking organizing pneumonia: a c,
19,v3.1h-069,42638417,19,The Bacterial Metabolite Lndole-3-Propionic Acid Alleviates Acetaminophen-Induce,
20,v3.1h-069,42121128,20,Evaluation of drugs and risk factors requiring therapeutic drug monitoring in th,
21,v3.1h-069,42670801,21,Therapeutic Potential of Nanocurcumin in Mitigating Duloxetine-Induced Hepatic D,
22,v3.1h-069,41808861,22,Network toxicology reveals key genes of amiodarone induced pulmonary fibrosis: b,
23,v3.1h-069,42665174,23,Acetaminophen-induced developmental neurobehavioral and sensory organ toxicity i,
24,v3.1h-069,42558881,24,Drug-associated psoriasis: a pharmacovigilance study based on the FAERS database,
25,v3.1h-069,42660303,25,Cardioprotective effects of natural phytochemicals from traditional medicinal pl,
26,v3.1h-069,41828566,26,"Integrating Network Toxicology, Machine Learning, and Molecular Dynamics to Expl",
27,v3.1h-069,42653808,27,"Berberine-Drug Interactions: Mechanisms, Clinical Relevance and Risk Stratificat",
28,v3.1h-069,40825054,28,Analysis of hemorrhagic transformation and intracerebral hemorrhage under combin,
29,v3.1h-069,42326111,29,Lascufloxacin-Induced QT Prolongation in an Elderly Patient Treated With Escital,
30,v3.1h-069,42678243,30,MSCs overexpressing FGF21 alleviate acetaminophen-induced acute liver injury by ,
31,v3.1h-069,42128899,31,Cilostazol mitigates amiodarone-induced pulmonary toxicity and fibrosis by regul,
32,v3.1h-069,42238941,32,A Cross-Sectional Study on Oral Anticoagulant Utilization and Adverse Drug React,
33,v3.1h-069,38832136,33,From pill to pain: Alendronate-induced esophageal injury-A case report and revie,
34,v3.1h-069,42677606,34,Mitochondrial Unfolded Protein Response Regulates Copper-Induced Oxidative Stres,
35,v3.1h-069,42677663,35,Chronic BDE-47 Exposure Induces DNA Damage in Hepatocytes: Involvement of Oxidat,
36,v3.1h-069,42359186,36,Early-Onset Amiodarone Pulmonary Toxicity at a Standard Maintenance Dose Masquer,
37,v3.1h-069,33986677,37,"Radiation Increases Bioavailability of Lisinopril, a Mitigator of Radiation-Indu",
38,v3.1h-069,42674100,38,Drug Repurposing Signals for Abdominal Aortic Aneurysms.,
39,v3.1h-069,42678094,39,Deciphering the Mechanisms of Statin-Ezetimibe Drug Combinations Using Boolean L,
40,v3.1h-069,42678242,40,Hepatoprotective effects of resolvin D1 in mice exposed to ethanol and galactosa,
41,v3.1h-069,40198642,41,Impact of Ginkgo biloba drug interactions on bleeding risk and coagulation profi,
42,v3.1h-069,38053572,42,Nephroprotective effects of diminazene on doxorubicin-induced acute kidney injur,
43,v3.1h-069,40149400,43,The Association Between Statin Drugs and Rhabdomyolysis: An Analysis of FDA Adve,
44,v3.1h-069,42063765,44,Evaluation of community pharmacists' knowledge and real-world practices in drug ,
45,v3.1h-069,42181774,45,Transient abnormal acylcarnitine profile in newborn screening mimicking multiple,
46,v3.1h-069,40881144,46,A Description of QT-Interval Prolonging Drug Interactions with Fluoroquinolones ,
47,v3.1h-069,42670540,47,Mechanisms and the Role of p38 MAPK Signaling in Doxorubicin-Induced Cardiotoxic,
48,v3.1h-069,42267072,48,A Case of Prolonged Serotonin Toxicity After Fluoxetine Ingestion in an Adolesce,
49,v3.1h-069,42652369,49,"Shifting Public Interest in Liver Health, Hepatotoxic Medications, and Dietary S",
50,v3.1h-069,42294746,50,[Which aldosterone antagonist? Choosing between sprionolactone and the novel dru,
51,v3.1h-069,40771914,51,"Pharmacodynamics, pharmacokinetics, interactions with other drugs, toxicity and ",
52,v3.1h-069,42663925,52,Selective and Time-Dependent Alterations in Cytochrome P450 (CYP) Enzyme Activit,
53,v3.1h-069,38676494,53,"A Review of the Association between Infections, Seizures, and Drugs.",
54,v3.1h-069,42436620,54,Research on drug interactions and efficacy optimization of combined medication f,
55,v3.1h-069,41846702,55,Acute Myocardial Infarction Secondary to Triple Vessel Coronary Artery Disease i,
56,v3.1h-069,42630019,56,Pharmacogenomics in Dentistry: From CYP-Mediated Drug Response to Precision Pres,
57,v3.1h-069,41158891,57,Seizures Following Single-Dose Intravenous Tramadol for Postsurgical Pain: A Rep,
58,v3.1h-069,42586461,58,Pharmacogenomic and drug interactions risk in cardio-oncology: A precision medic,
59,v3.1h-069,36300543,59,"The effect of diminazene, an angiotensin-converting enzyme 2 activator, on adeni",
60,v3.1h-069,38710058,60,"The Salutary Effects of Diminazene, Lisinopril or Valsartan on Cisplatin - Induc",
