case_id,query,claim_type,risk_tier,difficulty,document_id,chunk_id,relevance,evidence_span,annotation_reason,authority_tier,annotator_id,review_timestamp,confidence
v3.1h-001,How does metformin inhibit hepatic gluconeogenesis?,Pharmacology,R1,MECHANISM,42661734,chunk-42661734-001,PENDING,,,,,,
v3.1h-001,How does metformin inhibit hepatic gluconeogenesis?,Pharmacology,R1,MECHANISM,41177211,chunk-41177211-001,PENDING,,,,,,
v3.1h-001,How does metformin inhibit hepatic gluconeogenesis?,Pharmacology,R1,MECHANISM,32699722,chunk-32699722-001,PENDING,,,,,,
v3.1h-002,Clearance pathway for lisinopril,Pharmacology,R1,MECHANISM,38710058,chunk-38710058-001,PENDING,,,,,,
v3.1h-002,Clearance pathway for lisinopril,Pharmacology,R1,MECHANISM,33986677,chunk-33986677-001,PENDING,,,,,,
v3.1h-002,Clearance pathway for lisinopril,Pharmacology,R1,MECHANISM,33048477,chunk-33048477-001,PENDING,,,,,,
v3.1h-003,CYP enzyme responsible for omeprazole metabolism,Pharmacology,R1,CYP_DDI,,,NO_EVIDENCE,,,,,,
v3.1h-004,Is levothyroxine absorbed better on an empty stomach?,Pharmacology,R1,MECHANISM,42438581,chunk-42438581-001,PENDING,,,,,,
v3.1h-004,Is levothyroxine absorbed better on an empty stomach?,Pharmacology,R1,MECHANISM,41109285,chunk-41109285-001,PENDING,,,,,,
v3.1h-005,Half-life of citalopram,Pharmacology,R1,MECHANISM,42326111,chunk-42326111-001,PENDING,,,,,,
v3.1h-005,Half-life of citalopram,Pharmacology,R1,MECHANISM,41748094,chunk-41748094-001,PENDING,,,,,,
v3.1h-005,Half-life of citalopram,Pharmacology,R1,MECHANISM,41452043,chunk-41452043-001,PENDING,,,,,,
v3.1h-005,Half-life of citalopram,Pharmacology,R1,MECHANISM,41004670,chunk-41004670-001,PENDING,,,,,,
v3.1h-005,Half-life of citalopram,Pharmacology,R1,MECHANISM,40978465,chunk-40978465-001,PENDING,,,,,,
v3.1h-006,Mechanism of doxorubicin intercalating DNA,Pharmacology,R2,MECHANISM,38053572,chunk-38053572-001,PENDING,,,,,,
v3.1h-006,Mechanism of doxorubicin intercalating DNA,Pharmacology,R2,MECHANISM,42676526,chunk-42676526-001,PENDING,,,,,,
v3.1h-006,Mechanism of doxorubicin intercalating DNA,Pharmacology,R2,MECHANISM,42670540,chunk-42670540-001,PENDING,,,,,,
v3.1h-006,Mechanism of doxorubicin intercalating DNA,Pharmacology,R2,MECHANISM,42665114,chunk-42665114-001,PENDING,,,,,,
v3.1h-006,Mechanism of doxorubicin intercalating DNA,Pharmacology,R2,MECHANISM,42663921,chunk-42663921-001,PENDING,,,,,,
v3.1h-007,Amiodarone distribution in adipose tissue,Pharmacology,R1,MECHANISM,42528583,chunk-42528583-001,PENDING,,,,,,
v3.1h-007,Amiodarone distribution in adipose tissue,Pharmacology,R1,MECHANISM,42466914,chunk-42466914-001,PENDING,,,,,,
v3.1h-007,Amiodarone distribution in adipose tissue,Pharmacology,R1,MECHANISM,42359186,chunk-42359186-001,PENDING,,,,,,
v3.1h-007,Amiodarone distribution in adipose tissue,Pharmacology,R1,MECHANISM,42332214,chunk-42332214-001,PENDING,,,,,,
v3.1h-007,Amiodarone distribution in adipose tissue,Pharmacology,R1,MECHANISM,42128899,chunk-42128899-001,PENDING,,,,,,
v3.1h-008,Isotretinoin mechanism in acne,Pharmacology,R1,MECHANISM,42669317,chunk-42669317-001,PENDING,,,,,,
v3.1h-008,Isotretinoin mechanism in acne,Pharmacology,R1,MECHANISM,42522519,chunk-42522519-001,PENDING,,,,,,
v3.1h-008,Isotretinoin mechanism in acne,Pharmacology,R1,MECHANISM,42461919,chunk-42461919-001,PENDING,,,,,,
v3.1h-008,Isotretinoin mechanism in acne,Pharmacology,R1,MECHANISM,42349978,chunk-42349978-001,PENDING,,,,,,
v3.1h-008,Isotretinoin mechanism in acne,Pharmacology,R1,MECHANISM,42295720,chunk-42295720-001,PENDING,,,,,,
v3.1h-009,Acetaminophen toxic metabolite NAPQI,Pharmacology,R2,MECHANISM,42678243,chunk-42678243-001,PENDING,,,,,,
v3.1h-009,Acetaminophen toxic metabolite NAPQI,Pharmacology,R2,MECHANISM,42665174,chunk-42665174-001,PENDING,,,,,,
v3.1h-009,Acetaminophen toxic metabolite NAPQI,Pharmacology,R2,MECHANISM,42663261,chunk-42663261-001,PENDING,,,,,,
v3.1h-009,Acetaminophen toxic metabolite NAPQI,Pharmacology,R2,MECHANISM,42638417,chunk-42638417-001,PENDING,,,,,,
v3.1h-009,Acetaminophen toxic metabolite NAPQI,Pharmacology,R2,MECHANISM,42631638,chunk-42631638-001,PENDING,,,,,,
v3.1h-010,Digoxin inhibition of Na-K ATPase,Pharmacology,R1,MECHANISM,42658230,chunk-42658230-001,PENDING,,,,,,
v3.1h-010,Digoxin inhibition of Na-K ATPase,Pharmacology,R1,MECHANISM,42610101,chunk-42610101-001,PENDING,,,,,,
v3.1h-010,Digoxin inhibition of Na-K ATPase,Pharmacology,R1,MECHANISM,42590087,chunk-42590087-001,PENDING,,,,,,
v3.1h-010,Digoxin inhibition of Na-K ATPase,Pharmacology,R1,MECHANISM,42489609,chunk-42489609-001,PENDING,,,,,,
v3.1h-010,Digoxin inhibition of Na-K ATPase,Pharmacology,R1,MECHANISM,41811250,chunk-41811250-001,PENDING,,,,,,
v3.1h-011,Alendronate bone resorption inhibition,Pharmacology,R1,MECHANISM,38832136,chunk-38832136-001,PENDING,,,,,,
v3.1h-011,Alendronate bone resorption inhibition,Pharmacology,R1,MECHANISM,34258506,chunk-34258506-001,PENDING,,,,,,
v3.1h-011,Alendronate bone resorption inhibition,Pharmacology,R1,MECHANISM,29856752,chunk-29856752-001,PENDING,,,,,,
v3.1h-011,Alendronate bone resorption inhibition,Pharmacology,R1,MECHANISM,27956102,chunk-27956102-001,PENDING,,,,,,
v3.1h-011,Alendronate bone resorption inhibition,Pharmacology,R1,MECHANISM,27148747,chunk-27148747-001,PENDING,,,,,,
v3.1h-012,Pantoprazole proton pump inhibition,Pharmacology,R1,MECHANISM,,,NO_EVIDENCE,,,,,,
v3.1h-013,Fluoxetine active metabolite norfluoxetine,Pharmacology,R1,MECHANISM,42571795,chunk-42571795-001,PENDING,,,,,,
v3.1h-013,Fluoxetine active metabolite norfluoxetine,Pharmacology,R1,MECHANISM,41004670,chunk-41004670-001,PENDING,,,,,,
v3.1h-013,Fluoxetine active metabolite norfluoxetine,Pharmacology,R1,MECHANISM,42631653,chunk-42631653-001,PENDING,,,,,,
v3.1h-013,Fluoxetine active metabolite norfluoxetine,Pharmacology,R1,MECHANISM,42267072,chunk-42267072-001,PENDING,,,,,,
v3.1h-013,Fluoxetine active metabolite norfluoxetine,Pharmacology,R1,MECHANISM,42055120,chunk-42055120-001,PENDING,,,,,,
v3.1h-014,Sertraline serotonin reuptake blockade,Pharmacology,R1,MECHANISM,41004670,chunk-41004670-001,PENDING,,,,,,
v3.1h-014,Sertraline serotonin reuptake blockade,Pharmacology,R1,MECHANISM,42662351,chunk-42662351-001,PENDING,,,,,,
v3.1h-014,Sertraline serotonin reuptake blockade,Pharmacology,R1,MECHANISM,42596979,chunk-42596979-001,PENDING,,,,,,
v3.1h-014,Sertraline serotonin reuptake blockade,Pharmacology,R1,MECHANISM,42192153,chunk-42192153-001,PENDING,,,,,,
v3.1h-014,Sertraline serotonin reuptake blockade,Pharmacology,R1,MECHANISM,42181774,chunk-42181774-001,PENDING,,,,,,
v3.1h-015,Gabapentin binding to voltage-gated calcium channels,Pharmacology,R1,MECHANISM,42666410,chunk-42666410-001,PENDING,,,,,,
v3.1h-015,Gabapentin binding to voltage-gated calcium channels,Pharmacology,R1,MECHANISM,42665888,chunk-42665888-001,PENDING,,,,,,
v3.1h-015,Gabapentin binding to voltage-gated calcium channels,Pharmacology,R1,MECHANISM,42527260,chunk-42527260-001,PENDING,,,,,,
v3.1h-015,Gabapentin binding to voltage-gated calcium channels,Pharmacology,R1,MECHANISM,42462752,chunk-42462752-001,PENDING,,,,,,
v3.1h-015,Gabapentin binding to voltage-gated calcium channels,Pharmacology,R1,MECHANISM,42437608,chunk-42437608-001,PENDING,,,,,,
v3.1h-016,Tramadol mu-opioid receptor affinity,Pharmacology,R1,MECHANISM,41323006,chunk-41323006-001,PENDING,,,,,,
v3.1h-016,Tramadol mu-opioid receptor affinity,Pharmacology,R1,MECHANISM,41158891,chunk-41158891-001,PENDING,,,,,,
v3.1h-016,Tramadol mu-opioid receptor affinity,Pharmacology,R1,MECHANISM,41061201,chunk-41061201-001,PENDING,,,,,,
v3.1h-016,Tramadol mu-opioid receptor affinity,Pharmacology,R1,MECHANISM,40242084,chunk-40242084-001,PENDING,,,,,,
v3.1h-016,Tramadol mu-opioid receptor affinity,Pharmacology,R1,MECHANISM,38006536,chunk-38006536-001,PENDING,,,,,,
v3.1h-017,Celecoxib selective COX-2 inhibition,Pharmacology,R1,MECHANISM,28520369,chunk-28520369-001,PENDING,,,,,,
v3.1h-017,Celecoxib selective COX-2 inhibition,Pharmacology,R1,MECHANISM,41733550,chunk-41733550-001,PENDING,,,,,,
v3.1h-018,Rivaroxaban Factor Xa inhibition,Pharmacology,R1,MECHANISM,41776019,chunk-41776019-001,PENDING,,,,,,
v3.1h-018,Rivaroxaban Factor Xa inhibition,Pharmacology,R1,MECHANISM,42128628,chunk-42128628-001,PENDING,,,,,,
v3.1h-019,Apixaban pharmacokinetics in renal failure,Pharmacology,R1,MECHANISM,42670022,chunk-42670022-001,PENDING,,,,,,
v3.1h-019,Apixaban pharmacokinetics in renal failure,Pharmacology,R1,MECHANISM,42216360,chunk-42216360-001,PENDING,,,,,,
v3.1h-019,Apixaban pharmacokinetics in renal failure,Pharmacology,R1,MECHANISM,42128628,chunk-42128628-001,PENDING,,,,,,
v3.1h-020,What is the primary mechanism of action for atorvastatin?,Pharmacology,R1,MECHANISM,42667336,chunk-42667336-001,PENDING,,,,,,
v3.1h-020,What is the primary mechanism of action for atorvastatin?,Pharmacology,R1,MECHANISM,42653071,chunk-42653071-001,PENDING,,,,,,
v3.1h-020,What is the primary mechanism of action for atorvastatin?,Pharmacology,R1,MECHANISM,42636576,chunk-42636576-001,PENDING,,,,,,
v3.1h-021,Concomitant use of warfarin and aspirin bleeding risk,DDI,R3,MULTI_ENTITY,42128628,chunk-42128628-001,PENDING,,,,,,
v3.1h-022,CYP2C9 interaction between fluconazole and warfarin,DDI,R3,CYP_DDI,42591558,chunk-42591558-001,PENDING,,,,,,
v3.1h-023,Spironolactone and lisinopril combination risks,DDI,R3,MULTI_ENTITY,42643702,chunk-42643702-001,PENDING,,,,,,
v3.1h-023,Spironolactone and lisinopril combination risks,DDI,R3,MULTI_ENTITY,42374912,chunk-42374912-001,PENDING,,,,,,
v3.1h-024,Omeprazole reducing clopidogrel efficacy,DDI,R3,MULTI_ENTITY,,,NO_EVIDENCE,,,,,,
v3.1h-025,Iron sulfate decreasing levothyroxine absorption,DDI,R2,MULTI_ENTITY,42438581,chunk-42438581-001,PENDING,,,,,,
v3.1h-025,Iron sulfate decreasing levothyroxine absorption,DDI,R2,MULTI_ENTITY,41109285,chunk-41109285-001,PENDING,,,,,,
v3.1h-026,Pantoprazole interaction with levothyroxine,DDI,R2,MULTI_ENTITY,,,NO_EVIDENCE,,,,,,
v3.1h-027,Celecoxib and myocardial infarction risk with NSAIDs,DDI,R3,MULTI_ENTITY,28520369,chunk-28520369-001,PENDING,,,,,,
v3.1h-027,Celecoxib and myocardial infarction risk with NSAIDs,DDI,R3,MULTI_ENTITY,41733550,chunk-41733550-001,PENDING,,,,,,
v3.1h-028,Clopidogrel and naproxen GI bleeding,DDI,R3,MULTI_ENTITY,41766537,chunk-41766537-001,PENDING,,,,,,
v3.1h-028,Clopidogrel and naproxen GI bleeding,DDI,R3,MULTI_ENTITY,41085374,chunk-41085374-001,PENDING,,,,,,
v3.1h-028,Clopidogrel and naproxen GI bleeding,DDI,R3,MULTI_ENTITY,41077316,chunk-41077316-001,PENDING,,,,,,
v3.1h-028,Clopidogrel and naproxen GI bleeding,DDI,R3,MULTI_ENTITY,40685887,chunk-40685887-001,PENDING,,,,,,
v3.1h-028,Clopidogrel and naproxen GI bleeding,DDI,R3,MULTI_ENTITY,42622073,chunk-42622073-001,PENDING,,,,,,
v3.1h-029,Isotretinoin and tetracycline pseudotumor cerebri,DDI,R3,MULTI_ENTITY,42669317,chunk-42669317-001,PENDING,,,,,,
v3.1h-029,Isotretinoin and tetracycline pseudotumor cerebri,DDI,R3,MULTI_ENTITY,42522519,chunk-42522519-001,PENDING,,,,,,
v3.1h-029,Isotretinoin and tetracycline pseudotumor cerebri,DDI,R3,MULTI_ENTITY,42461919,chunk-42461919-001,PENDING,,,,,,
v3.1h-029,Isotretinoin and tetracycline pseudotumor cerebri,DDI,R3,MULTI_ENTITY,42349978,chunk-42349978-001,PENDING,,,,,,
v3.1h-029,Isotretinoin and tetracycline pseudotumor cerebri,DDI,R3,MULTI_ENTITY,42295720,chunk-42295720-001,PENDING,,,,,,
v3.1h-030,Digoxin and macrolide toxicity,DDI,R3,MULTI_ENTITY,42658230,chunk-42658230-001,PENDING,,,,,,
v3.1h-030,Digoxin and macrolide toxicity,DDI,R3,MULTI_ENTITY,42610101,chunk-42610101-001,PENDING,,,,,,
v3.1h-030,Digoxin and macrolide toxicity,DDI,R3,MULTI_ENTITY,42590087,chunk-42590087-001,PENDING,,,,,,
v3.1h-030,Digoxin and macrolide toxicity,DDI,R3,MULTI_ENTITY,42489609,chunk-42489609-001,PENDING,,,,,,
v3.1h-030,Digoxin and macrolide toxicity,DDI,R3,MULTI_ENTITY,41811250,chunk-41811250-001,PENDING,,,,,,
v3.1h-031,Acetaminophen and warfarin INR prolongation,DDI,R3,MULTI_ENTITY,42678243,chunk-42678243-001,PENDING,,,,,,
v3.1h-031,Acetaminophen and warfarin INR prolongation,DDI,R3,MULTI_ENTITY,42665174,chunk-42665174-001,PENDING,,,,,,
v3.1h-031,Acetaminophen and warfarin INR prolongation,DDI,R3,MULTI_ENTITY,42663261,chunk-42663261-001,PENDING,,,,,,
v3.1h-031,Acetaminophen and warfarin INR prolongation,DDI,R3,MULTI_ENTITY,42638417,chunk-42638417-001,PENDING,,,,,,
v3.1h-031,Acetaminophen and warfarin INR prolongation,DDI,R3,MULTI_ENTITY,42631638,chunk-42631638-001,PENDING,,,,,,
v3.1h-032,Citalopram and omeprazole QT prolongation,DDI,R3,MULTI_ENTITY,42326111,chunk-42326111-001,PENDING,,,,,,
v3.1h-032,Citalopram and omeprazole QT prolongation,DDI,R3,MULTI_ENTITY,41748094,chunk-41748094-001,PENDING,,,,,,
v3.1h-032,Citalopram and omeprazole QT prolongation,DDI,R3,MULTI_ENTITY,41452043,chunk-41452043-001,PENDING,,,,,,
v3.1h-032,Citalopram and omeprazole QT prolongation,DDI,R3,MULTI_ENTITY,41004670,chunk-41004670-001,PENDING,,,,,,
v3.1h-032,Citalopram and omeprazole QT prolongation,DDI,R3,MULTI_ENTITY,40978465,chunk-40978465-001,PENDING,,,,,,
v3.1h-033,Sildenafil contraindication with nitrates,DDI,R3,MULTI_ENTITY,,,NO_EVIDENCE,,,,,,
v3.1h-034,Simvastatin and amlodipine myopathy risk,DDI,R3,MULTI_ENTITY,42636576,chunk-42636576-001,PENDING,,,,,,
v3.1h-035,Dabigatran and verapamil bleeding risk,DDI,R3,MULTI_ENTITY,42654146,chunk-42654146-001,PENDING,,,,,,
v3.1h-035,Dabigatran and verapamil bleeding risk,DDI,R3,MULTI_ENTITY,41818114,chunk-41818114-001,PENDING,,,,,,
v3.1h-036,Fluoxetine and MAOI serotonin syndrome,DDI,R3,MULTI_ENTITY,42571795,chunk-42571795-001,PENDING,,,,,,
v3.1h-036,Fluoxetine and MAOI serotonin syndrome,DDI,R3,MULTI_ENTITY,41004670,chunk-41004670-001,PENDING,,,,,,
v3.1h-036,Fluoxetine and MAOI serotonin syndrome,DDI,R3,MULTI_ENTITY,42631653,chunk-42631653-001,PENDING,,,,,,
v3.1h-036,Fluoxetine and MAOI serotonin syndrome,DDI,R3,MULTI_ENTITY,42267072,chunk-42267072-001,PENDING,,,,,,
v3.1h-036,Fluoxetine and MAOI serotonin syndrome,DDI,R3,MULTI_ENTITY,42055120,chunk-42055120-001,PENDING,,,,,,
v3.1h-037,Lithium and thiazide diuretic toxicity,DDI,R3,MULTI_ENTITY,,,NO_EVIDENCE,,,,,,
v3.1h-038,Carbamazepine autoinduction and oral contraceptives,DDI,R2,MULTI_ENTITY,,,NO_EVIDENCE,,,,,,
v3.1h-039,Methotrexate and trimethoprim pancytopenia,DDI,R3,MULTI_ENTITY,,,NO_EVIDENCE,,,,,,
v3.1h-040,Valproate and lamotrigine rash risk,DDI,R3,MULTI_ENTITY,,,NO_EVIDENCE,,,,,,
v3.1h-041,Clarithromycin and colchicine toxicity,DDI,R3,CYP_DDI,,,NO_EVIDENCE,,,,,,
v3.1h-042,Rifampin reducing apixaban efficacy,DDI,R3,CYP_DDI,,,NO_EVIDENCE,,,,,,
v3.1h-043,St John Wort and sertraline interaction,DDI,R2,MULTI_ENTITY,,,NO_EVIDENCE,,,,,,
v3.1h-044,Grapefruit juice and atorvastatin interaction,DDI,R2,CYP_DDI,,,NO_EVIDENCE,,,,,,
v3.1h-045,Verapamil and beta blocker heart block,DDI,R3,MULTI_ENTITY,,,NO_EVIDENCE,,,,,,
v3.1h-046,Idiosyncratic drug induced liver injury mechanisms,ADE,R3,MECHANISM,42679743,chunk-42679743-001,PENDING,,,,,,
v3.1h-046,Idiosyncratic drug induced liver injury mechanisms,ADE,R3,MECHANISM,42678243,chunk-42678243-001,PENDING,,,,,,
v3.1h-046,Idiosyncratic drug induced liver injury mechanisms,ADE,R3,MECHANISM,42674049,chunk-42674049-001,PENDING,,,,,,
v3.1h-046,Idiosyncratic drug induced liver injury mechanisms,ADE,R3,MECHANISM,42680287,chunk-42680287-001,PENDING,,,,,,
v3.1h-046,Idiosyncratic drug induced liver injury mechanisms,ADE,R3,MECHANISM,42632694,chunk-42632694-001,PENDING,,,,,,
v3.1h-047,Spironolactone induced hyperkalemia,ADE,R3,SYNONYM,42643702,chunk-42643702-001,PENDING,,,,,,
v3.1h-047,Spironolactone induced hyperkalemia,ADE,R3,SYNONYM,42374912,chunk-42374912-001,PENDING,,,,,,
v3.1h-048,Atorvastatin causing rhabdomyolysis,ADE,R3,SYNONYM,42667336,chunk-42667336-001,PENDING,,,,,,
v3.1h-048,Atorvastatin causing rhabdomyolysis,ADE,R3,SYNONYM,42653071,chunk-42653071-001,PENDING,,,,,,
v3.1h-048,Atorvastatin causing rhabdomyolysis,ADE,R3,SYNONYM,42636576,chunk-42636576-001,PENDING,,,,,,
v3.1h-049,Citalopram and dose dependent QT prolongation,ADE,R3,SYNONYM,42326111,chunk-42326111-001,PENDING,,,,,,
v3.1h-049,Citalopram and dose dependent QT prolongation,ADE,R3,SYNONYM,41748094,chunk-41748094-001,PENDING,,,,,,
v3.1h-049,Citalopram and dose dependent QT prolongation,ADE,R3,SYNONYM,41452043,chunk-41452043-001,PENDING,,,,,,
v3.1h-049,Citalopram and dose dependent QT prolongation,ADE,R3,SYNONYM,41004670,chunk-41004670-001,PENDING,,,,,,
v3.1h-049,Citalopram and dose dependent QT prolongation,ADE,R3,SYNONYM,40978465,chunk-40978465-001,PENDING,,,,,,
v3.1h-050,Doxorubicin associated heart failure,ADE,R3,SYNONYM,38053572,chunk-38053572-001,PENDING,,,,,,
v3.1h-050,Doxorubicin associated heart failure,ADE,R3,SYNONYM,42676526,chunk-42676526-001,PENDING,,,,,,
v3.1h-050,Doxorubicin associated heart failure,ADE,R3,SYNONYM,42670540,chunk-42670540-001,PENDING,,,,,,
v3.1h-050,Doxorubicin associated heart failure,ADE,R3,SYNONYM,42665114,chunk-42665114-001,PENDING,,,,,,
v3.1h-050,Doxorubicin associated heart failure,ADE,R3,SYNONYM,42663921,chunk-42663921-001,PENDING,,,,,,
v3.1h-051,Amiodarone induced pulmonary fibrosis,ADE,R3,SYNONYM,42528583,chunk-42528583-001,PENDING,,,,,,
v3.1h-051,Amiodarone induced pulmonary fibrosis,ADE,R3,SYNONYM,42466914,chunk-42466914-001,PENDING,,,,,,
v3.1h-051,Amiodarone induced pulmonary fibrosis,ADE,R3,SYNONYM,42359186,chunk-42359186-001,PENDING,,,,,,
v3.1h-051,Amiodarone induced pulmonary fibrosis,ADE,R3,SYNONYM,42332214,chunk-42332214-001,PENDING,,,,,,
v3.1h-051,Amiodarone induced pulmonary fibrosis,ADE,R3,SYNONYM,42128899,chunk-42128899-001,PENDING,,,,,,
v3.1h-052,Isotretinoin causing severe birth defects,ADE,R3,SYNONYM,42669317,chunk-42669317-001,PENDING,,,,,,
v3.1h-052,Isotretinoin causing severe birth defects,ADE,R3,SYNONYM,42522519,chunk-42522519-001,PENDING,,,,,,
v3.1h-052,Isotretinoin causing severe birth defects,ADE,R3,SYNONYM,42461919,chunk-42461919-001,PENDING,,,,,,
v3.1h-052,Isotretinoin causing severe birth defects,ADE,R3,SYNONYM,42349978,chunk-42349978-001,PENDING,,,,,,
v3.1h-052,Isotretinoin causing severe birth defects,ADE,R3,SYNONYM,42295720,chunk-42295720-001,PENDING,,,,,,
v3.1h-053,Acetaminophen overdose hepatotoxicity,ADE,R3,SYNONYM,42678243,chunk-42678243-001,PENDING,,,,,,
v3.1h-053,Acetaminophen overdose hepatotoxicity,ADE,R3,SYNONYM,42665174,chunk-42665174-001,PENDING,,,,,,
v3.1h-053,Acetaminophen overdose hepatotoxicity,ADE,R3,SYNONYM,42663261,chunk-42663261-001,PENDING,,,,,,
v3.1h-053,Acetaminophen overdose hepatotoxicity,ADE,R3,SYNONYM,42638417,chunk-42638417-001,PENDING,,,,,,
v3.1h-053,Acetaminophen overdose hepatotoxicity,ADE,R3,SYNONYM,42631638,chunk-42631638-001,PENDING,,,,,,
v3.1h-054,Alendronate causing esophageal ulceration,ADE,R2,SYNONYM,38832136,chunk-38832136-001,PENDING,,,,,,
v3.1h-054,Alendronate causing esophageal ulceration,ADE,R2,SYNONYM,34258506,chunk-34258506-001,PENDING,,,,,,
v3.1h-054,Alendronate causing esophageal ulceration,ADE,R2,SYNONYM,29856752,chunk-29856752-001,PENDING,,,,,,
v3.1h-054,Alendronate causing esophageal ulceration,ADE,R2,SYNONYM,27956102,chunk-27956102-001,PENDING,,,,,,
v3.1h-054,Alendronate causing esophageal ulceration,ADE,R2,SYNONYM,27148747,chunk-27148747-001,PENDING,,,,,,
v3.1h-055,Fluoxetine increasing suicidal ideation,ADE,R3,SYNONYM,42571795,chunk-42571795-001,PENDING,,,,,,
v3.1h-055,Fluoxetine increasing suicidal ideation,ADE,R3,SYNONYM,41004670,chunk-41004670-001,PENDING,,,,,,
v3.1h-055,Fluoxetine increasing suicidal ideation,ADE,R3,SYNONYM,42631653,chunk-42631653-001,PENDING,,,,,,
v3.1h-055,Fluoxetine increasing suicidal ideation,ADE,R3,SYNONYM,42267072,chunk-42267072-001,PENDING,,,,,,
v3.1h-055,Fluoxetine increasing suicidal ideation,ADE,R3,SYNONYM,42055120,chunk-42055120-001,PENDING,,,,,,
v3.1h-056,Gabapentin causing excessive somnolence,ADE,R1,SYNONYM,42666410,chunk-42666410-001,PENDING,,,,,,
v3.1h-056,Gabapentin causing excessive somnolence,ADE,R1,SYNONYM,42665888,chunk-42665888-001,PENDING,,,,,,
v3.1h-056,Gabapentin causing excessive somnolence,ADE,R1,SYNONYM,42527260,chunk-42527260-001,PENDING,,,,,,
v3.1h-056,Gabapentin causing excessive somnolence,ADE,R1,SYNONYM,42462752,chunk-42462752-001,PENDING,,,,,,
v3.1h-056,Gabapentin causing excessive somnolence,ADE,R1,SYNONYM,42437608,chunk-42437608-001,PENDING,,,,,,
v3.1h-057,Tramadol lowering seizure threshold,ADE,R2,SYNONYM,41323006,chunk-41323006-001,PENDING,,,,,,
v3.1h-057,Tramadol lowering seizure threshold,ADE,R2,SYNONYM,41158891,chunk-41158891-001,PENDING,,,,,,
v3.1h-057,Tramadol lowering seizure threshold,ADE,R2,SYNONYM,41061201,chunk-41061201-001,PENDING,,,,,,
v3.1h-057,Tramadol lowering seizure threshold,ADE,R2,SYNONYM,40242084,chunk-40242084-001,PENDING,,,,,,
v3.1h-057,Tramadol lowering seizure threshold,ADE,R2,SYNONYM,38006536,chunk-38006536-001,PENDING,,,,,,
v3.1h-058,Rivaroxaban associated major bleeding,ADE,R3,SYNONYM,41776019,chunk-41776019-001,PENDING,,,,,,
v3.1h-058,Rivaroxaban associated major bleeding,ADE,R3,SYNONYM,42128628,chunk-42128628-001,PENDING,,,,,,
v3.1h-059,Apixaban associated gastrointestinal bleeding,ADE,R3,SYNONYM,42670022,chunk-42670022-001,PENDING,,,,,,
v3.1h-059,Apixaban associated gastrointestinal bleeding,ADE,R3,SYNONYM,42216360,chunk-42216360-001,PENDING,,,,,,
v3.1h-059,Apixaban associated gastrointestinal bleeding,ADE,R3,SYNONYM,42128628,chunk-42128628-001,PENDING,,,,,,
v3.1h-060,Dabigatran causing dyspepsia,ADE,R1,SYNONYM,42654146,chunk-42654146-001,PENDING,,,,,,
v3.1h-060,Dabigatran causing dyspepsia,ADE,R1,SYNONYM,41818114,chunk-41818114-001,PENDING,,,,,,
v3.1h-061,Spironolactone causing gynecomastia,ADE,R1,SYNONYM,42643702,chunk-42643702-001,PENDING,,,,,,
v3.1h-061,Spironolactone causing gynecomastia,ADE,R1,SYNONYM,42374912,chunk-42374912-001,PENDING,,,,,,
v3.1h-062,Ibuprofen induced gastric ulcer,ADE,R2,SYNONYM,41489241,chunk-41489241-001,PENDING,,,,,,
v3.1h-063,Salbutamol causing tachycardia,ADE,R1,SYNONYM,,,NO_EVIDENCE,,,,,,
v3.1h-064,Lithium toxicity tremor,ADE,R2,SYNONYM,,,NO_EVIDENCE,,,,,,
v3.1h-065,Valproate induced neural tube defects,ADE,R3,SYNONYM,,,NO_EVIDENCE,,,,,,
v3.1h-066,Metformin contraindication in severe renal disease,Medication_Safety,R3,PARAPHRASE,42661734,chunk-42661734-001,PENDING,,,,,,
v3.1h-066,Metformin contraindication in severe renal disease,Medication_Safety,R3,PARAPHRASE,41177211,chunk-41177211-001,PENDING,,,,,,
v3.1h-066,Metformin contraindication in severe renal disease,Medication_Safety,R3,PARAPHRASE,32699722,chunk-32699722-001,PENDING,,,,,,
v3.1h-067,Warfarin target INR monitoring,Medication_Safety,R3,PARAPHRASE,42128628,chunk-42128628-001,PENDING,,,,,,
v3.1h-068,Genetic testing for CYP2C9 variants before prescribing,Medication_Safety,R2,SYNONYM,42580545,chunk-42580545-001,PENDING,,,,,,
v3.1h-068,Genetic testing for CYP2C9 variants before prescribing,Medication_Safety,R2,SYNONYM,28520369,chunk-28520369-001,PENDING,,,,,,
v3.1h-069,Diagnosis of drug induced hepatotoxicity,Medication_Safety,R3,PARAPHRASE,42633086,chunk-42633086-001,PENDING,,,,,,
v3.1h-070,Lisinopril dosing in renal impairment GFR < 30,Medication_Safety,R3,PARAPHRASE,38710058,chunk-38710058-001,PENDING,,,,,,
v3.1h-070,Lisinopril dosing in renal impairment GFR < 30,Medication_Safety,R3,PARAPHRASE,33986677,chunk-33986677-001,PENDING,,,,,,
v3.1h-070,Lisinopril dosing in renal impairment GFR < 30,Medication_Safety,R3,PARAPHRASE,33048477,chunk-33048477-001,PENDING,,,,,,
v3.1h-071,Monitoring for digoxin toxicity,Medication_Safety,R2,PARAPHRASE,42658230,chunk-42658230-001,PENDING,,,,,,
v3.1h-071,Monitoring for digoxin toxicity,Medication_Safety,R2,PARAPHRASE,42610101,chunk-42610101-001,PENDING,,,,,,
v3.1h-071,Monitoring for digoxin toxicity,Medication_Safety,R2,PARAPHRASE,42590087,chunk-42590087-001,PENDING,,,,,,
v3.1h-071,Monitoring for digoxin toxicity,Medication_Safety,R2,PARAPHRASE,42489609,chunk-42489609-001,PENDING,,,,,,
v3.1h-071,Monitoring for digoxin toxicity,Medication_Safety,R2,PARAPHRASE,41811250,chunk-41811250-001,PENDING,,,,,,
v3.1h-072,Sertraline safety during pregnancy,Medication_Safety,R2,PARAPHRASE,41004670,chunk-41004670-001,PENDING,,,,,,
v3.1h-072,Sertraline safety during pregnancy,Medication_Safety,R2,PARAPHRASE,42662351,chunk-42662351-001,PENDING,,,,,,
v3.1h-072,Sertraline safety during pregnancy,Medication_Safety,R2,PARAPHRASE,42596979,chunk-42596979-001,PENDING,,,,,,
v3.1h-072,Sertraline safety during pregnancy,Medication_Safety,R2,PARAPHRASE,42192153,chunk-42192153-001,PENDING,,,,,,
v3.1h-072,Sertraline safety during pregnancy,Medication_Safety,R2,PARAPHRASE,42181774,chunk-42181774-001,PENDING,,,,,,
v3.1h-073,Reversal agent for dabigatran,Medication_Safety,R3,SYNONYM,42654146,chunk-42654146-001,PENDING,,,,,,
v3.1h-073,Reversal agent for dabigatran,Medication_Safety,R3,SYNONYM,41818114,chunk-41818114-001,PENDING,,,,,,
v3.1h-074,Management of severe bleeding on warfarin,Medication_Safety,R3,PARAPHRASE,42128628,chunk-42128628-001,PENDING,,,,,,
v3.1h-075,Renal dosing adjustments for metformin,Medication_Safety,R3,PARAPHRASE,42661734,chunk-42661734-001,PENDING,,,,,,
v3.1h-075,Renal dosing adjustments for metformin,Medication_Safety,R3,PARAPHRASE,41177211,chunk-41177211-001,PENDING,,,,,,
v3.1h-075,Renal dosing adjustments for metformin,Medication_Safety,R3,PARAPHRASE,32699722,chunk-32699722-001,PENDING,,,,,,
v3.1h-076,What monitoring is required for amiodarone liver toxicity?,Medication_Safety,R2,PARAPHRASE,42528583,chunk-42528583-001,PENDING,,,,,,
v3.1h-076,What monitoring is required for amiodarone liver toxicity?,Medication_Safety,R2,PARAPHRASE,42466914,chunk-42466914-001,PENDING,,,,,,
v3.1h-076,What monitoring is required for amiodarone liver toxicity?,Medication_Safety,R2,PARAPHRASE,42359186,chunk-42359186-001,PENDING,,,,,,
v3.1h-076,What monitoring is required for amiodarone liver toxicity?,Medication_Safety,R2,PARAPHRASE,42332214,chunk-42332214-001,PENDING,,,,,,
v3.1h-076,What monitoring is required for amiodarone liver toxicity?,Medication_Safety,R2,PARAPHRASE,42128899,chunk-42128899-001,PENDING,,,,,,
v3.1h-077,Lisinopril contraindicated in angioedema,Medication_Safety,R3,SYNONYM,38710058,chunk-38710058-001,PENDING,,,,,,
v3.1h-077,Lisinopril contraindicated in angioedema,Medication_Safety,R3,SYNONYM,33986677,chunk-33986677-001,PENDING,,,,,,
v3.1h-077,Lisinopril contraindicated in angioedema,Medication_Safety,R3,SYNONYM,33048477,chunk-33048477-001,PENDING,,,,,,
v3.1h-078,Penicillin anaphylaxis management,Medication_Safety,R3,PARAPHRASE,,,NO_EVIDENCE,,,,,,
v3.1h-079,Methotrexate folic acid supplementation,Medication_Safety,R2,PARAPHRASE,,,NO_EVIDENCE,,,,,,
v3.1h-080,Clozapine agranulocytosis monitoring,Medication_Safety,R3,PARAPHRASE,,,NO_EVIDENCE,,,,,,
