case_id,document_id,in_f0,in_frozen_corpus,in_candidate_annotations,in_previous_run,source_artifact,status
v3.1h-001,41177211,True,False,True,True,f3_results.jsonl,INVALID
v3.1h-001,32699722,True,False,True,True,f3_results.jsonl,INVALID
v3.1h-001,42662112,True,False,False,True,f3_results.jsonl,INVALID
v3.1h-001,42628776,True,False,True,True,f3_results.jsonl,INVALID
v3.1h-001,41791695,True,False,False,True,f3_results.jsonl,INVALID
v3.1h-001,42584699,True,False,True,True,f3_results.jsonl,INVALID
v3.1h-001,40771914,True,False,True,True,f3_results.jsonl,INVALID
v3.1h-001,42667464,True,False,False,True,f3_results.jsonl,INVALID
v3.1h-001,42675227,True,False,False,True,f3_results.jsonl,INVALID
v3.1h-001,42638417,True,False,True,True,f3_results.jsonl,INVALID
v3.1h-001,42661734,True,False,True,True,f3_results.jsonl,INVALID
v3.1h-001,42667336,True,False,False,True,f3_results.jsonl,INVALID
v3.1h-001,28520381,True,False,False,True,f3_results.jsonl,INVALID
v3.1h-001,42632694,True,False,True,True,f3_results.jsonl,INVALID
v3.1h-001,42364820,True,False,False,True,f3_results.jsonl,INVALID
v3.1h-001,42587752,True,False,False,True,f3_results.jsonl,INVALID
v3.1h-001,42671218,True,False,False,True,f3_results.jsonl,INVALID
v3.1h-001,36300543,True,False,False,True,f3_results.jsonl,INVALID
v3.1h-001,42670801,True,False,False,True,f3_results.jsonl,INVALID
v3.1h-001,42318218,True,False,True,True,f3_results.jsonl,INVALID
v3.1h-001,42591558,True,False,True,True,f3_results.jsonl,INVALID
v3.1h-001,42678094,True,False,True,True,f3_results.jsonl,INVALID
v3.1h-001,42192153,True,False,False,True,f3_results.jsonl,INVALID
v3.1h-001,42678243,True,False,True,True,f3_results.jsonl,INVALID
v3.1h-001,42677606,True,False,True,True,f3_results.jsonl,INVALID
v3.1h-001,42573610,True,False,False,True,f3_results.jsonl,INVALID
v3.1h-001,42653071,True,False,False,True,f3_results.jsonl,INVALID
v3.1h-001,42667784,True,False,True,True,f3_results.jsonl,INVALID
v3.1h-001,42653173,True,False,True,True,f3_results.jsonl,INVALID
v3.1h-001,41077316,True,False,False,True,f3_results.jsonl,INVALID
v3.1h-001,42499456,True,False,True,True,f3_results.jsonl,INVALID
v3.1h-001,42571795,True,False,True,True,f3_results.jsonl,INVALID
v3.1h-001,42652369,True,False,True,True,f3_results.jsonl,INVALID
v3.1h-001,29262813,True,False,True,True,f3_results.jsonl,INVALID
v3.1h-001,42631638,True,False,True,True,f3_results.jsonl,INVALID
v3.1h-001,42546121,True,False,False,True,f3_results.jsonl,INVALID
v3.1h-001,42676526,True,False,True,True,f3_results.jsonl,INVALID
v3.1h-001,42678242,True,False,False,True,f3_results.jsonl,INVALID
v3.1h-001,42654146,True,False,True,True,f3_results.jsonl,INVALID
v3.1h-001,41278442,True,False,False,True,f3_results.jsonl,INVALID
v3.1h-001,42680287,True,False,True,True,f3_results.jsonl,INVALID
v3.1h-001,42677064,True,False,False,True,f3_results.jsonl,INVALID
v3.1h-001,41109285,True,False,False,True,f3_results.jsonl,INVALID
v3.1h-001,42475421,True,False,True,True,f3_results.jsonl,INVALID
v3.1h-001,42637515,True,False,False,True,f3_results.jsonl,INVALID
v3.1h-001,42677663,True,False,True,True,f3_results.jsonl,INVALID
v3.1h-001,42679743,True,False,True,True,f3_results.jsonl,INVALID
v3.1h-001,42670540,True,False,True,True,f3_results.jsonl,INVALID
v3.1h-001,40978465,True,False,False,True,f3_results.jsonl,INVALID
v3.1h-001,41100334,True,False,False,True,f3_results.jsonl,INVALID
v3.1h-001,42306636,True,False,False,True,f3_results.jsonl,INVALID
v3.1h-001,42128899,True,False,False,True,f3_results.jsonl,INVALID
v3.1h-001,42662351,True,False,False,True,f3_results.jsonl,INVALID
v3.1h-001,42371403,True,False,False,True,f3_results.jsonl,INVALID
v3.1h-001,38710058,True,False,True,True,f3_results.jsonl,INVALID
v3.1h-001,40149400,True,False,False,True,f3_results.jsonl,INVALID
v3.1h-001,42660303,True,False,False,True,f3_results.jsonl,INVALID
v3.1h-001,41347947,True,False,False,True,f3_results.jsonl,INVALID
v3.1h-001,42332214,True,False,True,True,f3_results.jsonl,INVALID
v3.1h-001,42359186,True,False,True,True,f3_results.jsonl,INVALID
v3.1h-002,33048477,True,False,True,True,f3_results.jsonl,INVALID
v3.1h-002,33986677,True,False,True,True,f3_results.jsonl,INVALID
v3.1h-002,42584699,True,False,True,True,f3_results.jsonl,INVALID
v3.1h-002,31583609,True,False,False,True,f3_results.jsonl,INVALID
v3.1h-002,42677064,True,False,False,True,f3_results.jsonl,INVALID
v3.1h-002,38710058,True,False,True,True,f3_results.jsonl,INVALID
v3.1h-002,42595037,True,False,False,True,f3_results.jsonl,INVALID
v3.1h-002,40771914,True,False,True,True,f3_results.jsonl,INVALID
v3.1h-002,41833262,True,False,False,True,f3_results.jsonl,INVALID
v3.1h-002,42618000,True,False,True,True,f3_results.jsonl,INVALID
v3.1h-002,39817374,True,False,False,True,f3_results.jsonl,INVALID
v3.1h-002,42666103,True,False,False,True,f3_results.jsonl,INVALID
v3.1h-002,42269153,True,False,True,True,f3_results.jsonl,INVALID
v3.1h-002,42670022,True,False,True,True,f3_results.jsonl,INVALID
v3.1h-002,42653808,True,False,True,True,f3_results.jsonl,INVALID
v3.1h-002,42571795,True,False,True,True,f3_results.jsonl,INVALID
v3.1h-002,42654146,True,False,True,True,f3_results.jsonl,INVALID
v3.1h-002,42628776,True,False,True,True,f3_results.jsonl,INVALID
v3.1h-002,42674100,True,False,False,True,f3_results.jsonl,INVALID
v3.1h-002,42586461,True,False,False,True,f3_results.jsonl,INVALID
v3.1h-002,42622073,True,False,False,True,f3_results.jsonl,INVALID
v3.1h-002,42653173,True,False,True,True,f3_results.jsonl,INVALID
v3.1h-002,39430173,True,False,True,True,f3_results.jsonl,INVALID
v3.1h-002,42429832,True,False,False,True,f3_results.jsonl,INVALID
v3.1h-002,41077316,True,False,False,True,f3_results.jsonl,INVALID
v3.1h-002,42675994,True,False,False,True,f3_results.jsonl,INVALID
v3.1h-002,41141842,True,False,False,True,f3_results.jsonl,INVALID
v3.1h-002,41791695,True,False,False,True,f3_results.jsonl,INVALID
v3.1h-002,42128899,True,False,False,True,f3_results.jsonl,INVALID
v3.1h-002,42515713,True,False,False,True,f3_results.jsonl,INVALID
v3.1h-002,42663925,True,False,False,True,f3_results.jsonl,INVALID
v3.1h-002,42489609,True,False,False,True,f3_results.jsonl,INVALID
v3.1h-002,42674049,True,False,True,True,f3_results.jsonl,INVALID
v3.1h-002,42638417,True,False,True,True,f3_results.jsonl,INVALID
v3.1h-002,42662112,True,False,False,True,f3_results.jsonl,INVALID
v3.1h-002,42448258,True,False,False,True,f3_results.jsonl,INVALID
v3.1h-002,42677606,True,False,True,True,f3_results.jsonl,INVALID
v3.1h-002,41158891,True,False,True,True,f3_results.jsonl,INVALID
v3.1h-002,40978465,True,False,False,True,f3_results.jsonl,INVALID
v3.1h-002,42349978,True,False,False,True,f3_results.jsonl,INVALID
v3.1h-002,37539955,True,False,False,True,f3_results.jsonl,INVALID
v3.1h-002,42662904,True,False,False,True,f3_results.jsonl,INVALID
v3.1h-002,42527260,True,False,False,True,f3_results.jsonl,INVALID
v3.1h-002,42483729,True,False,False,True,f3_results.jsonl,INVALID
v3.1h-002,42679829,True,False,False,True,f3_results.jsonl,INVALID
v3.1h-002,41748094,True,False,True,True,f3_results.jsonl,INVALID
v3.1h-002,42647165,True,False,False,True,f3_results.jsonl,INVALID
v3.1h-002,42359186,True,False,True,True,f3_results.jsonl,INVALID
v3.1h-002,42254302,True,False,False,True,f3_results.jsonl,INVALID
v3.1h-002,40406172,True,False,False,True,f3_results.jsonl,INVALID
v3.1h-002,42546121,True,False,False,True,f3_results.jsonl,INVALID
v3.1h-002,42497636,True,False,False,True,f3_results.jsonl,INVALID
v3.1h-002,42662744,True,False,True,True,f3_results.jsonl,INVALID
v3.1h-002,41278442,True,False,False,True,f3_results.jsonl,INVALID
v3.1h-002,42670540,True,False,True,True,f3_results.jsonl,INVALID
v3.1h-002,38758406,True,False,True,True,f3_results.jsonl,INVALID
v3.1h-002,40825054,True,False,True,True,f3_results.jsonl,INVALID
v3.1h-002,42484991,True,False,True,True,f3_results.jsonl,INVALID
v3.1h-002,38053572,True,False,False,True,f3_results.jsonl,INVALID
v3.1h-002,42671218,True,False,False,True,f3_results.jsonl,INVALID
v3.1h-021,40915652,True,False,True,True,f3_results.jsonl,INVALID
v3.1h-021,40198642,True,False,True,True,f3_results.jsonl,INVALID
v3.1h-021,41085374,True,False,True,True,f3_results.jsonl,INVALID
v3.1h-021,42580545,True,False,True,True,f3_results.jsonl,INVALID
v3.1h-021,39114562,True,False,False,True,f3_results.jsonl,INVALID
v3.1h-021,42327596,True,False,False,True,f3_results.jsonl,INVALID
v3.1h-021,41766537,True,False,False,True,f3_results.jsonl,INVALID
v3.1h-021,40828441,True,False,True,True,f3_results.jsonl,INVALID
v3.1h-021,41017291,True,False,False,True,f3_results.jsonl,INVALID
v3.1h-021,41754906,True,False,False,True,f3_results.jsonl,INVALID
v3.1h-021,41112691,True,False,True,True,f3_results.jsonl,INVALID
v3.1h-021,40357791,True,False,False,True,f3_results.jsonl,INVALID
v3.1h-021,42448258,True,False,False,True,f3_results.jsonl,INVALID
v3.1h-021,42598366,True,False,False,True,f3_results.jsonl,INVALID
v3.1h-021,28520369,True,False,True,True,f3_results.jsonl,INVALID
v3.1h-021,42087312,True,False,True,True,f3_results.jsonl,INVALID
v3.1h-021,40685887,True,False,False,True,f3_results.jsonl,INVALID
v3.1h-021,42413824,True,False,False,True,f3_results.jsonl,INVALID
v3.1h-021,42653808,True,False,True,True,f3_results.jsonl,INVALID
v3.1h-021,42546121,True,False,False,True,f3_results.jsonl,INVALID
v3.1h-021,40825054,True,False,True,True,f3_results.jsonl,INVALID
v3.1h-021,42128628,True,False,True,True,f3_results.jsonl,INVALID
v3.1h-021,42622073,True,False,False,True,f3_results.jsonl,INVALID
v3.1h-021,42206096,True,False,True,True,f3_results.jsonl,INVALID
v3.1h-021,42293737,True,False,False,True,f3_results.jsonl,INVALID
v3.1h-021,42586461,True,False,False,True,f3_results.jsonl,INVALID
v3.1h-021,41840835,True,False,False,True,f3_results.jsonl,INVALID
v3.1h-021,39817374,True,False,False,True,f3_results.jsonl,INVALID
v3.1h-021,41818114,True,False,False,True,f3_results.jsonl,INVALID
v3.1h-021,41406988,True,False,False,True,f3_results.jsonl,INVALID
v3.1h-021,42595037,True,False,False,True,f3_results.jsonl,INVALID
v3.1h-021,42216360,True,False,True,True,f3_results.jsonl,INVALID
v3.1h-021,42121128,True,False,True,True,f3_results.jsonl,INVALID
v3.1h-021,42462752,True,False,False,True,f3_results.jsonl,INVALID
v3.1h-021,40910969,True,False,False,True,f3_results.jsonl,INVALID
v3.1h-021,42238941,True,False,False,True,f3_results.jsonl,INVALID
v3.1h-021,42481856,True,False,False,True,f3_results.jsonl,INVALID
v3.1h-021,41061201,True,False,False,True,f3_results.jsonl,INVALID
v3.1h-021,42398817,True,False,True,True,f3_results.jsonl,INVALID
v3.1h-021,41452043,True,False,False,True,f3_results.jsonl,INVALID
v3.1h-021,42437608,True,False,False,True,f3_results.jsonl,INVALID
v3.1h-021,41323006,True,False,True,True,f3_results.jsonl,INVALID
v3.1h-021,42431357,True,False,False,True,f3_results.jsonl,INVALID
v3.1h-021,42374912,True,False,True,True,f3_results.jsonl,INVALID
v3.1h-021,41100334,True,False,False,True,f3_results.jsonl,INVALID
v3.1h-021,41733550,True,False,False,True,f3_results.jsonl,INVALID
v3.1h-021,40242084,True,False,False,True,f3_results.jsonl,INVALID
v3.1h-021,40272900,True,False,False,True,f3_results.jsonl,INVALID
v3.1h-021,42483729,True,False,False,True,f3_results.jsonl,INVALID
v3.1h-021,42458467,True,False,False,True,f3_results.jsonl,INVALID
v3.1h-021,27956102,True,False,False,True,f3_results.jsonl,INVALID
v3.1h-021,33777146,True,False,False,True,f3_results.jsonl,INVALID
v3.1h-021,41489241,True,False,False,True,f3_results.jsonl,INVALID
v3.1h-021,38374855,True,False,False,True,f3_results.jsonl,INVALID
v3.1h-021,42647942,True,False,False,True,f3_results.jsonl,INVALID
v3.1h-021,42499456,True,False,True,True,f3_results.jsonl,INVALID
v3.1h-021,41397500,True,False,False,True,f3_results.jsonl,INVALID
v3.1h-021,42596979,True,False,False,True,f3_results.jsonl,INVALID
v3.1h-021,41347947,True,False,False,True,f3_results.jsonl,INVALID
v3.1h-021,41077316,True,False,False,True,f3_results.jsonl,INVALID
v3.1h-022,42591558,True,False,True,True,f3_results.jsonl,INVALID
v3.1h-022,42622073,True,False,False,True,f3_results.jsonl,INVALID
v3.1h-022,42580545,True,False,True,True,f3_results.jsonl,INVALID
v3.1h-022,39817374,True,False,False,True,f3_results.jsonl,INVALID
v3.1h-022,42413824,True,False,False,True,f3_results.jsonl,INVALID
v3.1h-022,28520369,True,False,True,True,f3_results.jsonl,INVALID
v3.1h-022,40988289,True,False,False,True,f3_results.jsonl,INVALID
v3.1h-022,42653808,True,False,True,True,f3_results.jsonl,INVALID
v3.1h-022,40357791,True,False,False,True,f3_results.jsonl,INVALID
v3.1h-022,42481856,True,False,False,True,f3_results.jsonl,INVALID
v3.1h-022,40771914,True,False,True,True,f3_results.jsonl,INVALID
v3.1h-022,40198642,True,False,True,True,f3_results.jsonl,INVALID
v3.1h-022,42662739,True,False,False,True,f3_results.jsonl,INVALID
v3.1h-022,42063765,True,False,False,True,f3_results.jsonl,INVALID
v3.1h-022,41754906,True,False,False,True,f3_results.jsonl,INVALID
v3.1h-022,42654146,True,False,True,True,f3_results.jsonl,INVALID
v3.1h-022,28520381,True,False,False,True,f3_results.jsonl,INVALID
v3.1h-022,42571795,True,False,True,True,f3_results.jsonl,INVALID
v3.1h-022,41077316,True,False,False,True,f3_results.jsonl,INVALID
v3.1h-022,40881144,True,False,False,True,f3_results.jsonl,INVALID
v3.1h-022,41112691,True,False,True,True,f3_results.jsonl,INVALID
v3.1h-022,42628776,True,False,True,True,f3_results.jsonl,INVALID
v3.1h-022,40915652,True,False,True,True,f3_results.jsonl,INVALID
v3.1h-022,42663925,True,False,False,True,f3_results.jsonl,INVALID
v3.1h-022,42128628,True,False,True,True,f3_results.jsonl,INVALID
v3.1h-022,42678094,True,False,True,True,f3_results.jsonl,INVALID
v3.1h-022,42546121,True,False,False,True,f3_results.jsonl,INVALID
v3.1h-022,42326111,True,False,False,True,f3_results.jsonl,INVALID
v3.1h-022,42670022,True,False,True,True,f3_results.jsonl,INVALID
v3.1h-022,40685887,True,False,False,True,f3_results.jsonl,INVALID
v3.1h-022,42603144,True,False,False,True,f3_results.jsonl,INVALID
v3.1h-022,29262813,True,False,True,True,f3_results.jsonl,INVALID
v3.1h-022,42438581,True,False,True,True,f3_results.jsonl,INVALID
v3.1h-022,42671218,True,False,False,True,f3_results.jsonl,INVALID
v3.1h-022,40978465,True,False,False,True,f3_results.jsonl,INVALID
v3.1h-022,42632694,True,False,True,True,f3_results.jsonl,INVALID
v3.1h-022,42055120,True,False,True,True,f3_results.jsonl,INVALID
v3.1h-022,42679743,True,False,True,True,f3_results.jsonl,INVALID
v3.1h-022,41075377,True,False,False,True,f3_results.jsonl,INVALID
v3.1h-022,42680287,True,False,True,True,f3_results.jsonl,INVALID
v3.1h-022,42662351,True,False,False,True,f3_results.jsonl,INVALID
v3.1h-022,41100334,True,False,False,True,f3_results.jsonl,INVALID
v3.1h-022,42653071,True,False,False,True,f3_results.jsonl,INVALID
v3.1h-022,38676494,True,False,False,True,f3_results.jsonl,INVALID
v3.1h-022,39114562,True,False,False,True,f3_results.jsonl,INVALID
v3.1h-022,40825054,True,False,True,True,f3_results.jsonl,INVALID
v3.1h-022,41061201,True,False,False,True,f3_results.jsonl,INVALID
v3.1h-022,41347947,True,False,False,True,f3_results.jsonl,INVALID
v3.1h-022,41833262,True,False,False,True,f3_results.jsonl,INVALID
v3.1h-022,41748094,True,False,True,True,f3_results.jsonl,INVALID
v3.1h-022,42294746,True,False,False,True,f3_results.jsonl,INVALID
v3.1h-022,42366486,True,False,False,True,f3_results.jsonl,INVALID
v3.1h-022,42636576,True,False,True,True,f3_results.jsonl,INVALID
v3.1h-022,40242084,True,False,False,True,f3_results.jsonl,INVALID
v3.1h-022,41004670,True,False,False,True,f3_results.jsonl,INVALID
v3.1h-022,38006536,True,False,False,True,f3_results.jsonl,INVALID
v3.1h-022,41397500,True,False,False,True,f3_results.jsonl,INVALID
v3.1h-022,42216360,True,False,True,True,f3_results.jsonl,INVALID
v3.1h-022,40149400,True,False,False,True,f3_results.jsonl,INVALID
v3.1h-022,42332214,True,False,True,True,f3_results.jsonl,INVALID
v3.1h-023,42374912,True,False,True,True,f3_results.jsonl,INVALID
v3.1h-023,42499456,True,False,True,True,f3_results.jsonl,INVALID
v3.1h-023,42590087,True,False,False,True,f3_results.jsonl,INVALID
v3.1h-023,42643702,True,False,True,True,f3_results.jsonl,INVALID
v3.1h-023,42653808,True,False,True,True,f3_results.jsonl,INVALID
v3.1h-023,33986677,True,False,True,True,f3_results.jsonl,INVALID
v3.1h-023,42595037,True,False,False,True,f3_results.jsonl,INVALID
v3.1h-023,42586461,True,False,False,True,f3_results.jsonl,INVALID
v3.1h-023,33048477,True,False,True,True,f3_results.jsonl,INVALID
v3.1h-023,41833262,True,False,False,True,f3_results.jsonl,INVALID
v3.1h-023,29262813,True,False,True,True,f3_results.jsonl,INVALID
v3.1h-023,42294746,True,False,False,True,f3_results.jsonl,INVALID
v3.1h-023,40357791,True,False,False,True,f3_results.jsonl,INVALID
v3.1h-023,40198642,True,False,True,True,f3_results.jsonl,INVALID
v3.1h-023,28520381,True,False,False,True,f3_results.jsonl,INVALID
v3.1h-023,42364820,True,False,False,True,f3_results.jsonl,INVALID
v3.1h-023,42063765,True,False,False,True,f3_results.jsonl,INVALID
v3.1h-023,42489609,True,False,False,True,f3_results.jsonl,INVALID
v3.1h-023,42580545,True,False,True,True,f3_results.jsonl,INVALID
v3.1h-023,42622073,True,False,False,True,f3_results.jsonl,INVALID
v3.1h-023,42682722,True,False,False,True,f3_results.jsonl,INVALID
v3.1h-023,38710058,True,False,True,True,f3_results.jsonl,INVALID
v3.1h-023,42413824,True,False,False,True,f3_results.jsonl,INVALID
v3.1h-023,39817374,True,False,False,True,f3_results.jsonl,INVALID
v3.1h-023,41347947,True,False,False,True,f3_results.jsonl,INVALID
v3.1h-023,28520369,True,False,True,True,f3_results.jsonl,INVALID
v3.1h-023,42438581,True,False,True,True,f3_results.jsonl,INVALID
v3.1h-023,42159622,True,False,False,True,f3_results.jsonl,INVALID
v3.1h-023,42670022,True,False,True,True,f3_results.jsonl,INVALID
v3.1h-023,40272900,True,False,False,True,f3_results.jsonl,INVALID
v3.1h-023,41766537,True,False,False,True,f3_results.jsonl,INVALID
v3.1h-023,42216360,True,False,True,True,f3_results.jsonl,INVALID
v3.1h-023,42632694,True,False,True,True,f3_results.jsonl,INVALID
v3.1h-023,42481856,True,False,False,True,f3_results.jsonl,INVALID
v3.1h-023,40915652,True,False,True,True,f3_results.jsonl,INVALID
v3.1h-023,40910969,True,False,False,True,f3_results.jsonl,INVALID
v3.1h-023,42055120,True,False,True,True,f3_results.jsonl,INVALID
v3.1h-023,40978465,True,False,False,True,f3_results.jsonl,INVALID
v3.1h-023,41840835,True,False,False,True,f3_results.jsonl,INVALID
v3.1h-023,40685887,True,False,False,True,f3_results.jsonl,INVALID
v3.1h-023,40881144,True,False,False,True,f3_results.jsonl,INVALID
v3.1h-023,42671218,True,False,False,True,f3_results.jsonl,INVALID
v3.1h-023,42121128,True,False,True,True,f3_results.jsonl,INVALID
v3.1h-023,42678094,True,False,True,True,f3_results.jsonl,INVALID
v3.1h-023,39114562,True,False,False,True,f3_results.jsonl,INVALID
v3.1h-023,40242084,True,False,False,True,f3_results.jsonl,INVALID
v3.1h-023,42483729,True,False,False,True,f3_results.jsonl,INVALID
v3.1h-023,42128628,True,False,True,True,f3_results.jsonl,INVALID
v3.1h-023,41061201,True,False,False,True,f3_results.jsonl,INVALID
v3.1h-023,42462752,True,False,False,True,f3_results.jsonl,INVALID
v3.1h-023,41004670,True,False,False,True,f3_results.jsonl,INVALID
v3.1h-023,41112691,True,False,True,True,f3_results.jsonl,INVALID
v3.1h-023,40149400,True,False,False,True,f3_results.jsonl,INVALID
v3.1h-023,42662112,True,False,False,True,f3_results.jsonl,INVALID
v3.1h-023,41077316,True,False,False,True,f3_results.jsonl,INVALID
v3.1h-023,41100334,True,False,False,True,f3_results.jsonl,INVALID
v3.1h-023,40825054,True,False,True,True,f3_results.jsonl,INVALID
v3.1h-023,41397500,True,False,False,True,f3_results.jsonl,INVALID
v3.1h-023,42128899,True,False,False,True,f3_results.jsonl,INVALID
v3.1h-023,41278442,True,False,False,True,f3_results.jsonl,INVALID
v3.1h-046,42595240,True,False,True,True,f3_results.jsonl,INVALID
v3.1h-046,42628776,True,False,True,True,f3_results.jsonl,INVALID
v3.1h-046,42573610,True,False,False,True,f3_results.jsonl,INVALID
v3.1h-046,42674049,True,False,True,True,f3_results.jsonl,INVALID
v3.1h-046,42653808,True,False,True,True,f3_results.jsonl,INVALID
v3.1h-046,42638417,True,False,True,True,f3_results.jsonl,INVALID
v3.1h-046,42653173,True,False,True,True,f3_results.jsonl,INVALID
v3.1h-046,42633086,True,False,True,True,f3_results.jsonl,INVALID
v3.1h-046,42580545,True,False,True,True,f3_results.jsonl,INVALID
v3.1h-046,40988289,True,False,False,True,f3_results.jsonl,INVALID
v3.1h-046,42413824,True,False,False,True,f3_results.jsonl,INVALID
v3.1h-046,42678094,True,False,True,True,f3_results.jsonl,INVALID
v3.1h-046,40149400,True,False,False,True,f3_results.jsonl,INVALID
v3.1h-046,42489609,True,False,False,True,f3_results.jsonl,INVALID
v3.1h-046,42528583,True,False,False,True,f3_results.jsonl,INVALID
v3.1h-046,41840835,True,False,False,True,f3_results.jsonl,INVALID
v3.1h-046,42429832,True,False,False,True,f3_results.jsonl,INVALID
v3.1h-046,42670801,True,False,False,True,f3_results.jsonl,INVALID
v3.1h-046,42590087,True,False,False,True,f3_results.jsonl,INVALID
v3.1h-046,42631638,True,False,True,True,f3_results.jsonl,INVALID
v3.1h-046,38832136,True,False,False,True,f3_results.jsonl,INVALID
v3.1h-046,40771914,True,False,True,True,f3_results.jsonl,INVALID
v3.1h-046,42652369,True,False,True,True,f3_results.jsonl,INVALID
v3.1h-046,42466914,True,False,False,True,f3_results.jsonl,INVALID
v3.1h-046,42591558,True,False,True,True,f3_results.jsonl,INVALID
v3.1h-046,30626809,True,False,True,True,f3_results.jsonl,INVALID
v3.1h-046,42663925,True,False,False,True,f3_results.jsonl,INVALID
v3.1h-046,31583609,True,False,False,True,f3_results.jsonl,INVALID
v3.1h-046,42677663,True,False,True,True,f3_results.jsonl,INVALID
v3.1h-046,42675227,True,False,False,True,f3_results.jsonl,INVALID
v3.1h-046,42675994,True,False,False,True,f3_results.jsonl,INVALID
v3.1h-046,40825054,True,False,True,True,f3_results.jsonl,INVALID
v3.1h-046,42359186,True,False,True,True,f3_results.jsonl,INVALID
v3.1h-046,42192153,True,False,False,True,f3_results.jsonl,INVALID
v3.1h-046,41828566,True,False,False,True,f3_results.jsonl,INVALID
v3.1h-046,42558881,True,False,False,True,f3_results.jsonl,INVALID
v3.1h-046,42665174,True,False,False,True,f3_results.jsonl,INVALID
v3.1h-046,42654146,True,False,True,True,f3_results.jsonl,INVALID
v3.1h-046,41077316,True,False,False,True,f3_results.jsonl,INVALID
v3.1h-046,42045358,True,False,False,True,f3_results.jsonl,INVALID
v3.1h-046,38053572,True,False,False,True,f3_results.jsonl,INVALID
v3.1h-046,42586461,True,False,False,True,f3_results.jsonl,INVALID
v3.1h-046,41839242,True,False,False,True,f3_results.jsonl,INVALID
v3.1h-046,42680287,True,False,True,True,f3_results.jsonl,INVALID
v3.1h-046,41808861,True,False,False,True,f3_results.jsonl,INVALID
v3.1h-046,42674100,True,False,False,True,f3_results.jsonl,INVALID
v3.1h-046,42294746,True,False,False,True,f3_results.jsonl,INVALID
v3.1h-046,40978465,True,False,False,True,f3_results.jsonl,INVALID
v3.1h-046,42670540,True,False,True,True,f3_results.jsonl,INVALID
v3.1h-046,42671218,True,False,False,True,f3_results.jsonl,INVALID
v3.1h-046,42678243,True,False,True,True,f3_results.jsonl,INVALID
v3.1h-046,42662744,True,False,True,True,f3_results.jsonl,INVALID
v3.1h-046,42677606,True,False,True,True,f3_results.jsonl,INVALID
v3.1h-046,42128899,True,False,False,True,f3_results.jsonl,INVALID
v3.1h-046,42679743,True,False,True,True,f3_results.jsonl,INVALID
v3.1h-046,42366387,True,False,False,True,f3_results.jsonl,INVALID
v3.1h-046,38710058,True,False,True,True,f3_results.jsonl,INVALID
v3.1h-046,42665114,True,False,False,True,f3_results.jsonl,INVALID
v3.1h-046,42662351,True,False,False,True,f3_results.jsonl,INVALID
v3.1h-046,42678242,True,False,False,True,f3_results.jsonl,INVALID
v3.1h-047,42374912,True,False,True,True,f3_results.jsonl,INVALID
v3.1h-047,42499456,True,False,True,True,f3_results.jsonl,INVALID
v3.1h-047,42643702,True,False,True,True,f3_results.jsonl,INVALID
v3.1h-047,42595037,True,False,False,True,f3_results.jsonl,INVALID
v3.1h-047,42364820,True,False,False,True,f3_results.jsonl,INVALID
v3.1h-047,29262813,True,False,True,True,f3_results.jsonl,INVALID
v3.1h-047,42682722,True,False,False,True,f3_results.jsonl,INVALID
v3.1h-047,42489609,True,False,False,True,f3_results.jsonl,INVALID
v3.1h-047,42580545,True,False,True,True,f3_results.jsonl,INVALID
v3.1h-047,42484991,True,False,True,True,f3_results.jsonl,INVALID
v3.1h-047,42658230,True,False,False,True,f3_results.jsonl,INVALID
v3.1h-047,41766537,True,False,False,True,f3_results.jsonl,INVALID
v3.1h-047,42666103,True,False,False,True,f3_results.jsonl,INVALID
v3.1h-047,40910969,True,False,False,True,f3_results.jsonl,INVALID
v3.1h-047,40915652,True,False,True,True,f3_results.jsonl,INVALID
v3.1h-047,42670022,True,False,True,True,f3_results.jsonl,INVALID
v3.1h-047,42586461,True,False,False,True,f3_results.jsonl,INVALID
v3.1h-047,42216360,True,False,True,True,f3_results.jsonl,INVALID
v3.1h-047,42326111,True,False,False,True,f3_results.jsonl,INVALID
v3.1h-047,40272900,True,False,False,True,f3_results.jsonl,INVALID
v3.1h-047,42637515,True,False,False,True,f3_results.jsonl,INVALID
v3.1h-047,42087312,True,False,True,True,f3_results.jsonl,INVALID
v3.1h-047,42462752,True,False,False,True,f3_results.jsonl,INVALID
v3.1h-047,40618353,True,False,False,True,f3_results.jsonl,INVALID
v3.1h-047,42662112,True,False,False,True,f3_results.jsonl,INVALID
v3.1h-047,40198642,True,False,True,True,f3_results.jsonl,INVALID
v3.1h-047,38710058,True,False,True,True,f3_results.jsonl,INVALID
v3.1h-047,32666144,True,False,False,True,f3_results.jsonl,INVALID
v3.1h-047,40978465,True,False,False,True,f3_results.jsonl,INVALID
v3.1h-047,42584699,True,False,True,True,f3_results.jsonl,INVALID
v3.1h-047,42436620,True,False,False,True,f3_results.jsonl,INVALID
v3.1h-047,42359186,True,False,True,True,f3_results.jsonl,INVALID
v3.1h-047,42546121,True,False,False,True,f3_results.jsonl,INVALID
v3.1h-047,42121128,True,False,True,True,f3_results.jsonl,INVALID
v3.1h-047,42522519,True,False,False,True,f3_results.jsonl,INVALID
v3.1h-047,42663261,True,False,True,True,f3_results.jsonl,INVALID
v3.1h-047,42128628,True,False,True,True,f3_results.jsonl,INVALID
v3.1h-047,40242084,True,False,False,True,f3_results.jsonl,INVALID
v3.1h-047,41061201,True,False,False,True,f3_results.jsonl,INVALID
v3.1h-047,42647942,True,False,False,True,f3_results.jsonl,INVALID
v3.1h-047,42636576,True,False,True,True,f3_results.jsonl,INVALID
v3.1h-047,41278442,True,False,False,True,f3_results.jsonl,INVALID
v3.1h-047,42483729,True,False,False,True,f3_results.jsonl,INVALID
v3.1h-047,41004670,True,False,False,True,f3_results.jsonl,INVALID
v3.1h-047,39430173,True,False,True,True,f3_results.jsonl,INVALID
v3.1h-047,27956102,True,False,False,True,f3_results.jsonl,INVALID
v3.1h-047,41112691,True,False,True,True,f3_results.jsonl,INVALID
v3.1h-047,40289797,True,False,True,True,f3_results.jsonl,INVALID
v3.1h-047,37539955,True,False,False,True,f3_results.jsonl,INVALID
v3.1h-047,42670520,True,False,False,True,f3_results.jsonl,INVALID
v3.1h-047,41225655,True,False,False,True,f3_results.jsonl,INVALID
v3.1h-047,33777146,True,False,False,True,f3_results.jsonl,INVALID
v3.1h-047,30626809,True,False,True,True,f3_results.jsonl,INVALID
v3.1h-047,42458467,True,False,False,True,f3_results.jsonl,INVALID
v3.1h-047,42128899,True,False,False,True,f3_results.jsonl,INVALID
v3.1h-047,41347947,True,False,False,True,f3_results.jsonl,INVALID
v3.1h-047,41397500,True,False,False,True,f3_results.jsonl,INVALID
v3.1h-047,40149400,True,False,False,True,f3_results.jsonl,INVALID
v3.1h-047,42481856,True,False,False,True,f3_results.jsonl,INVALID
v3.1h-047,41818114,True,False,False,True,f3_results.jsonl,INVALID
v3.1h-066,41177211,True,False,True,True,f3_results.jsonl,INVALID
v3.1h-066,32699722,True,False,True,True,f3_results.jsonl,INVALID
v3.1h-066,42662112,True,False,False,True,f3_results.jsonl,INVALID
v3.1h-066,42682722,True,False,False,True,f3_results.jsonl,INVALID
v3.1h-066,42595037,True,False,False,True,f3_results.jsonl,INVALID
v3.1h-066,42087312,True,False,True,True,f3_results.jsonl,INVALID
v3.1h-066,42546121,True,False,False,True,f3_results.jsonl,INVALID
v3.1h-066,42670022,True,False,True,True,f3_results.jsonl,INVALID
v3.1h-066,42159622,True,False,False,True,f3_results.jsonl,INVALID
v3.1h-066,29262813,True,False,True,True,f3_results.jsonl,INVALID
v3.1h-066,42364820,True,False,False,True,f3_results.jsonl,INVALID
v3.1h-066,42448258,True,False,False,True,f3_results.jsonl,INVALID
v3.1h-066,42653808,True,False,True,True,f3_results.jsonl,INVALID
v3.1h-066,42499456,True,False,True,True,f3_results.jsonl,INVALID
v3.1h-066,32666144,True,False,False,True,f3_results.jsonl,INVALID
v3.1h-066,42216360,True,False,True,True,f3_results.jsonl,INVALID
v3.1h-066,41278442,True,False,False,True,f3_results.jsonl,INVALID
v3.1h-066,42128628,True,False,True,True,f3_results.jsonl,INVALID
v3.1h-066,41976898,True,False,True,True,f3_results.jsonl,INVALID
v3.1h-066,37539955,True,False,False,True,f3_results.jsonl,INVALID
v3.1h-066,42584699,True,False,True,True,f3_results.jsonl,INVALID
v3.1h-066,42628776,True,False,True,True,f3_results.jsonl,INVALID
v3.1h-066,42398817,True,False,True,True,f3_results.jsonl,INVALID
v3.1h-066,42658230,True,False,False,True,f3_results.jsonl,INVALID
v3.1h-066,42374912,True,False,True,True,f3_results.jsonl,INVALID
v3.1h-066,33777146,True,False,False,True,f3_results.jsonl,INVALID
v3.1h-066,42637515,True,False,False,True,f3_results.jsonl,INVALID
v3.1h-066,42633086,True,False,True,True,f3_results.jsonl,INVALID
v3.1h-066,42669317,True,False,False,True,f3_results.jsonl,INVALID
v3.1h-066,42475421,True,False,True,True,f3_results.jsonl,INVALID
v3.1h-066,40272900,True,False,False,True,f3_results.jsonl,INVALID
v3.1h-066,41848246,True,False,False,True,f3_results.jsonl,INVALID
v3.1h-066,40406172,True,False,False,True,f3_results.jsonl,INVALID
v3.1h-066,42436620,True,False,False,True,f3_results.jsonl,INVALID
v3.1h-066,41818114,True,False,False,True,f3_results.jsonl,INVALID
v3.1h-066,42458467,True,False,False,True,f3_results.jsonl,INVALID
v3.1h-066,42580175,True,False,False,True,f3_results.jsonl,INVALID
v3.1h-066,41406988,True,False,False,True,f3_results.jsonl,INVALID
v3.1h-066,42675227,True,False,False,True,f3_results.jsonl,INVALID
v3.1h-066,41733550,True,False,False,True,f3_results.jsonl,INVALID
v3.1h-066,42645604,True,False,False,True,f3_results.jsonl,INVALID
v3.1h-066,42192153,True,False,False,True,f3_results.jsonl,INVALID
v3.1h-066,41397500,True,False,False,True,f3_results.jsonl,INVALID
v3.1h-066,42128899,True,False,False,True,f3_results.jsonl,INVALID
v3.1h-066,42675994,True,False,False,True,f3_results.jsonl,INVALID
v3.1h-066,42359186,True,False,True,True,f3_results.jsonl,INVALID
v3.1h-066,42679829,True,False,False,True,f3_results.jsonl,INVALID
v3.1h-066,38710058,True,False,True,True,f3_results.jsonl,INVALID
v3.1h-066,42661734,True,False,True,True,f3_results.jsonl,INVALID
v3.1h-066,42125454,True,False,False,True,f3_results.jsonl,INVALID
v3.1h-066,42366387,True,False,False,True,f3_results.jsonl,INVALID
v3.1h-066,41347947,True,False,False,True,f3_results.jsonl,INVALID
v3.1h-066,42671218,True,False,False,True,f3_results.jsonl,INVALID
v3.1h-066,42045358,True,False,False,True,f3_results.jsonl,INVALID
v3.1h-066,41846702,True,False,False,True,f3_results.jsonl,INVALID
v3.1h-066,42630019,True,False,False,True,f3_results.jsonl,INVALID
v3.1h-066,36300543,True,False,False,True,f3_results.jsonl,INVALID
v3.1h-066,38053572,True,False,False,True,f3_results.jsonl,INVALID
v3.1h-066,42653071,True,False,False,True,f3_results.jsonl,INVALID
v3.1h-066,42652369,True,False,True,True,f3_results.jsonl,INVALID
v3.1h-067,41098965,True,False,False,True,f3_results.jsonl,INVALID
v3.1h-067,41754906,True,False,False,True,f3_results.jsonl,INVALID
v3.1h-067,41976898,True,False,True,True,f3_results.jsonl,INVALID
v3.1h-067,41977337,True,False,False,True,f3_results.jsonl,INVALID
v3.1h-067,42128628,True,False,True,True,f3_results.jsonl,INVALID
v3.1h-067,42269153,True,False,True,True,f3_results.jsonl,INVALID
v3.1h-067,42598366,True,False,False,True,f3_results.jsonl,INVALID
v3.1h-067,42448258,True,False,False,True,f3_results.jsonl,INVALID
v3.1h-067,40618353,True,False,False,True,f3_results.jsonl,INVALID
v3.1h-067,42327596,True,False,False,True,f3_results.jsonl,INVALID
v3.1h-067,42546121,True,False,False,True,f3_results.jsonl,INVALID
v3.1h-067,41141842,True,False,False,True,f3_results.jsonl,INVALID
v3.1h-067,42413824,True,False,False,True,f3_results.jsonl,INVALID
v3.1h-067,42121128,True,False,True,True,f3_results.jsonl,INVALID
v3.1h-067,42087312,True,False,True,True,f3_results.jsonl,INVALID
v3.1h-067,42206096,True,False,True,True,f3_results.jsonl,INVALID
v3.1h-067,42438486,True,False,False,True,f3_results.jsonl,INVALID
v3.1h-067,40828441,True,False,True,True,f3_results.jsonl,INVALID
v3.1h-067,41112691,True,False,True,True,f3_results.jsonl,INVALID
v3.1h-067,40198642,True,False,True,True,f3_results.jsonl,INVALID
v3.1h-067,41818114,True,False,False,True,f3_results.jsonl,INVALID
v3.1h-067,28520369,True,False,True,True,f3_results.jsonl,INVALID
v3.1h-067,42293737,True,False,False,True,f3_results.jsonl,INVALID
v3.1h-067,42666103,True,False,False,True,f3_results.jsonl,INVALID
v3.1h-067,41406988,True,False,False,True,f3_results.jsonl,INVALID
v3.1h-067,40915652,True,False,True,True,f3_results.jsonl,INVALID
v3.1h-067,42238941,True,False,False,True,f3_results.jsonl,INVALID
v3.1h-067,42670022,True,False,True,True,f3_results.jsonl,INVALID
v3.1h-067,42216360,True,False,True,True,f3_results.jsonl,INVALID
v3.1h-067,41463106,True,False,False,True,f3_results.jsonl,INVALID
v3.1h-067,42394350,True,False,True,True,f3_results.jsonl,INVALID
v3.1h-067,31583609,True,False,False,True,f3_results.jsonl,INVALID
v3.1h-067,40289797,True,False,True,True,f3_results.jsonl,INVALID
v3.1h-067,42590087,True,False,False,True,f3_results.jsonl,INVALID
v3.1h-067,40825054,True,False,True,True,f3_results.jsonl,INVALID
v3.1h-067,39430173,True,False,True,True,f3_results.jsonl,INVALID
v3.1h-067,42658230,True,False,False,True,f3_results.jsonl,INVALID
v3.1h-067,42246839,True,False,True,True,f3_results.jsonl,INVALID
v3.1h-067,42654146,True,False,True,True,f3_results.jsonl,INVALID
v3.1h-067,42622073,True,False,False,True,f3_results.jsonl,INVALID
v3.1h-067,42630019,True,False,False,True,f3_results.jsonl,INVALID
v3.1h-067,42415794,True,False,False,True,f3_results.jsonl,INVALID
v3.1h-067,42034022,True,False,False,True,f3_results.jsonl,INVALID
v3.1h-067,41278442,True,False,False,True,f3_results.jsonl,INVALID
v3.1h-067,42636576,True,False,True,True,f3_results.jsonl,INVALID
v3.1h-067,42647942,True,False,False,True,f3_results.jsonl,INVALID
v3.1h-067,42438581,True,False,True,True,f3_results.jsonl,INVALID
v3.1h-067,40978465,True,False,False,True,f3_results.jsonl,INVALID
v3.1h-067,42364820,True,False,False,True,f3_results.jsonl,INVALID
v3.1h-067,29262813,True,False,True,True,f3_results.jsonl,INVALID
v3.1h-067,42332214,True,False,True,True,f3_results.jsonl,INVALID
v3.1h-067,42359186,True,False,True,True,f3_results.jsonl,INVALID
v3.1h-067,42679743,True,False,True,True,f3_results.jsonl,INVALID
v3.1h-067,41004670,True,False,False,True,f3_results.jsonl,INVALID
v3.1h-067,42665888,True,False,False,True,f3_results.jsonl,INVALID
v3.1h-067,41225655,True,False,False,True,f3_results.jsonl,INVALID
v3.1h-067,41748094,True,False,True,True,f3_results.jsonl,INVALID
v3.1h-067,42295720,True,False,True,True,f3_results.jsonl,INVALID
v3.1h-067,41846702,True,False,False,True,f3_results.jsonl,INVALID
v3.1h-067,42181774,True,False,False,True,f3_results.jsonl,INVALID
v3.1h-069,42595240,True,False,True,True,f3_results.jsonl,INVALID
v3.1h-069,42573610,True,False,False,True,f3_results.jsonl,INVALID
v3.1h-069,42628776,True,False,True,True,f3_results.jsonl,INVALID
v3.1h-069,42633086,True,False,True,True,f3_results.jsonl,INVALID
v3.1h-069,40988289,True,False,False,True,f3_results.jsonl,INVALID
v3.1h-069,41840835,True,False,False,True,f3_results.jsonl,INVALID
v3.1h-069,42679743,True,False,True,True,f3_results.jsonl,INVALID
v3.1h-069,42674049,True,False,True,True,f3_results.jsonl,INVALID
v3.1h-069,42653808,True,False,True,True,f3_results.jsonl,INVALID
v3.1h-069,42466914,True,False,False,True,f3_results.jsonl,INVALID
v3.1h-069,42652369,True,False,True,True,f3_results.jsonl,INVALID
v3.1h-069,42121128,True,False,True,True,f3_results.jsonl,INVALID
v3.1h-069,42429832,True,False,False,True,f3_results.jsonl,INVALID
v3.1h-069,42267072,True,False,False,True,f3_results.jsonl,INVALID
v3.1h-069,42045358,True,False,False,True,f3_results.jsonl,INVALID
v3.1h-069,42653173,True,False,True,True,f3_results.jsonl,INVALID
v3.1h-069,42670801,True,False,False,True,f3_results.jsonl,INVALID
v3.1h-069,38676494,True,False,False,True,f3_results.jsonl,INVALID
v3.1h-069,42528583,True,False,False,True,f3_results.jsonl,INVALID
v3.1h-069,42181774,True,False,False,True,f3_results.jsonl,INVALID
v3.1h-069,40771914,True,False,True,True,f3_results.jsonl,INVALID
v3.1h-069,42413824,True,False,False,True,f3_results.jsonl,INVALID
v3.1h-069,40149400,True,False,False,True,f3_results.jsonl,INVALID
v3.1h-069,42359186,True,False,True,True,f3_results.jsonl,INVALID
v3.1h-069,42238941,True,False,False,True,f3_results.jsonl,INVALID
v3.1h-069,42326111,True,False,False,True,f3_results.jsonl,INVALID
v3.1h-069,38832136,True,False,False,True,f3_results.jsonl,INVALID
v3.1h-069,42638417,True,False,True,True,f3_results.jsonl,INVALID
v3.1h-069,41828566,True,False,False,True,f3_results.jsonl,INVALID
v3.1h-069,41808861,True,False,False,True,f3_results.jsonl,INVALID
v3.1h-069,42665174,True,False,False,True,f3_results.jsonl,INVALID
v3.1h-069,42586461,True,False,False,True,f3_results.jsonl,INVALID
v3.1h-069,42558881,True,False,False,True,f3_results.jsonl,INVALID
v3.1h-069,40881144,True,False,False,True,f3_results.jsonl,INVALID
v3.1h-069,33986677,True,False,True,True,f3_results.jsonl,INVALID
v3.1h-069,42631638,True,False,True,True,f3_results.jsonl,INVALID
v3.1h-069,42671218,True,False,False,True,f3_results.jsonl,INVALID
v3.1h-069,40825054,True,False,True,True,f3_results.jsonl,INVALID
v3.1h-069,40198642,True,False,True,True,f3_results.jsonl,INVALID
v3.1h-069,42678094,True,False,True,True,f3_results.jsonl,INVALID
v3.1h-069,42662351,True,False,False,True,f3_results.jsonl,INVALID
v3.1h-069,41158891,True,False,True,True,f3_results.jsonl,INVALID
v3.1h-069,42436620,True,False,False,True,f3_results.jsonl,INVALID
v3.1h-069,42192153,True,False,False,True,f3_results.jsonl,INVALID
v3.1h-069,42630019,True,False,False,True,f3_results.jsonl,INVALID
v3.1h-069,42677663,True,False,True,True,f3_results.jsonl,INVALID
v3.1h-069,42294746,True,False,False,True,f3_results.jsonl,INVALID
v3.1h-069,42678243,True,False,True,True,f3_results.jsonl,INVALID
v3.1h-069,42063765,True,False,False,True,f3_results.jsonl,INVALID
v3.1h-069,42663925,True,False,False,True,f3_results.jsonl,INVALID
v3.1h-069,42670540,True,False,True,True,f3_results.jsonl,INVALID
v3.1h-069,42674100,True,False,False,True,f3_results.jsonl,INVALID
v3.1h-069,42660303,True,False,False,True,f3_results.jsonl,INVALID
v3.1h-069,42678242,True,False,False,True,f3_results.jsonl,INVALID
v3.1h-069,38710058,True,False,True,True,f3_results.jsonl,INVALID
v3.1h-069,38053572,True,False,False,True,f3_results.jsonl,INVALID
v3.1h-069,41846702,True,False,False,True,f3_results.jsonl,INVALID
v3.1h-069,42677606,True,False,True,True,f3_results.jsonl,INVALID
v3.1h-069,36300543,True,False,False,True,f3_results.jsonl,INVALID
v3.1h-069,42128899,True,False,False,True,f3_results.jsonl,INVALID
