case_id,document_id,f0_rank,f3_rank,medcpt_score,already_labelled_in_primary
v3.1h-001,42628776,3,4,2e-06,NO
v3.1h-001,42192153,5,23,0.0,NO
v3.1h-001,42671218,6,17,0.0,NO
v3.1h-001,42573610,7,26,0.0,NO
v3.1h-001,29262813,8,34,0.0,NO
v3.1h-001,42670801,9,19,0.0,NO
v3.1h-001,42371403,10,54,0.0,NO
v3.1h-001,42675227,12,9,0.0,NO
v3.1h-001,42662112,13,3,2e-06,NO
v3.1h-001,42587752,14,16,0.0,NO
v3.1h-001,42667464,16,8,0.0,NO
v3.1h-001,41077316,17,30,0.0,NO
v3.1h-001,42677606,18,25,0.0,NO
v3.1h-001,42128899,19,52,0.0,NO
v3.1h-001,41278442,21,40,0.0,NO
v3.1h-001,42678242,22,38,0.0,NO
v3.1h-001,42676526,23,37,0.0,NO
v3.1h-001,36300543,26,18,0.0,NO
v3.1h-001,42571795,27,32,0.0,NO
v3.1h-001,42667784,28,28,0.0,NO
v3.1h-001,42653173,29,29,0.0,NO
v3.1h-001,42546121,31,36,0.0,NO
v3.1h-001,42499456,32,31,0.0,NO
v3.1h-001,42667336,33,12,0.0,NO
v3.1h-001,42653071,34,27,0.0,NO
v3.1h-001,42678094,35,22,0.0,NO
v3.1h-001,42654146,36,39,0.0,NO
v3.1h-001,42662351,37,53,0.0,NO
v3.1h-001,41109285,38,43,0.0,NO
v3.1h-001,42475421,39,44,0.0,NO
v3.1h-001,41347947,40,58,0.0,NO
v3.1h-001,42660303,41,57,0.0,NO
v3.1h-001,42670540,42,48,0.0,NO
v3.1h-001,42359186,43,60,0.0,NO
v3.1h-001,42364820,44,15,0.0,NO
v3.1h-001,42306636,45,51,0.0,NO
v3.1h-001,40149400,46,56,0.0,NO
v3.1h-001,41791695,47,5,1e-06,NO
v3.1h-001,41100334,48,50,0.0,NO
v3.1h-001,42318218,49,20,0.0,NO
v3.1h-001,42584699,50,6,1e-06,NO
v3.1h-001,40978465,51,49,0.0,NO
v3.1h-001,38710058,52,55,0.0,NO
v3.1h-001,42637515,53,45,0.0,NO
v3.1h-001,42591558,54,21,0.0,NO
v3.1h-001,40771914,55,7,0.0,NO
v3.1h-001,42677064,56,42,0.0,NO
v3.1h-001,42332214,57,59,0.0,NO
v3.1h-001,28520381,58,13,0.0,NO
v3.1h-001,42677663,60,46,0.0,NO
v3.1h-002,42128899,4,29,0.0,NO
v3.1h-002,42638417,5,34,0.0,NO
v3.1h-002,42429832,6,24,0.0,NO
v3.1h-002,42527260,7,43,0.0,NO
v3.1h-002,42584699,8,3,0.000498,NO
v3.1h-002,42677606,9,37,0.0,NO
v3.1h-002,39817374,10,11,1e-06,NO
v3.1h-002,42677064,11,5,0.000128,NO
v3.1h-002,42671218,12,60,0.0,NO
v3.1h-002,42269153,13,13,0.0,NO
v3.1h-002,42674100,15,19,0.0,NO
v3.1h-002,40406172,16,50,0.0,NO
v3.1h-002,42349978,18,40,0.0,NO
v3.1h-002,42663925,19,31,0.0,NO
v3.1h-002,37539955,20,41,0.0,NO
v3.1h-002,42489609,21,32,0.0,NO
v3.1h-002,41141842,22,27,0.0,NO
v3.1h-002,42448258,24,36,0.0,NO
v3.1h-002,42622073,25,21,0.0,NO
v3.1h-002,42595037,26,7,2e-06,NO
v3.1h-002,42618000,27,10,1e-06,NO
v3.1h-002,42586461,29,20,0.0,NO
v3.1h-002,42628776,30,18,0.0,NO
v3.1h-002,42662744,31,53,0.0,NO
v3.1h-002,42653173,32,22,0.0,NO
v3.1h-002,41833262,33,9,1e-06,NO
v3.1h-002,42483729,34,44,0.0,NO
v3.1h-002,41077316,35,25,0.0,NO
v3.1h-002,41158891,36,38,0.0,NO
v3.1h-002,41748094,37,46,0.0,NO
v3.1h-002,41791695,38,28,0.0,NO
v3.1h-002,42653808,39,15,0.0,NO
v3.1h-002,42666103,40,12,1e-06,NO
v3.1h-002,41278442,41,54,0.0,NO
v3.1h-002,42497636,42,52,0.0,NO
v3.1h-002,42662112,43,35,0.0,NO
v3.1h-002,42254302,44,49,0.0,NO
v3.1h-002,42670540,45,55,0.0,NO
v3.1h-002,42674049,46,33,0.0,NO
v3.1h-002,38053572,47,59,0.0,NO
v3.1h-002,38758406,48,56,0.0,NO
v3.1h-002,40978465,49,39,0.0,NO
v3.1h-002,42662904,50,42,0.0,NO
v3.1h-002,42359186,51,48,0.0,NO
v3.1h-002,42647165,52,47,0.0,NO
v3.1h-002,42546121,54,51,0.0,NO
v3.1h-002,40825054,55,57,0.0,NO
v3.1h-002,42675994,56,26,0.0,NO
v3.1h-002,31583609,57,4,0.000135,NO
v3.1h-002,42679829,58,45,0.0,NO
v3.1h-002,42515713,59,30,0.0,NO
v3.1h-002,42484991,60,58,0.0,NO
v3.1h-021,41061201,4,38,0.0,NO
v3.1h-021,41766537,6,7,2.9e-05,NO
v3.1h-021,42622073,7,23,2e-06,NO
v3.1h-021,42413824,8,18,5e-06,NO
v3.1h-021,42580545,9,4,0.000202,NO
v3.1h-021,42327596,10,6,4.2e-05,NO
v3.1h-021,40242084,11,47,0.0,NO
v3.1h-021,41406988,13,30,0.0,NO
v3.1h-021,42653808,15,19,5e-06,NO
v3.1h-021,40685887,16,17,6e-06,NO
v3.1h-021,42293737,17,25,1e-06,NO
v3.1h-021,42595037,18,31,0.0,NO
v3.1h-021,41347947,19,59,0.0,NO
v3.1h-021,33777146,20,52,0.0,NO
v3.1h-021,41754906,21,10,1.2e-05,NO
v3.1h-021,41397500,22,57,0.0,NO
v3.1h-021,41100334,23,45,0.0,NO
v3.1h-021,42437608,24,41,0.0,NO
v3.1h-021,41323006,25,42,0.0,NO
v3.1h-021,42598366,27,14,1e-05,NO
v3.1h-021,42448258,28,13,1e-05,NO
v3.1h-021,42458467,29,50,0.0,NO
v3.1h-021,42546121,30,20,4e-06,NO
v3.1h-021,38374855,31,54,0.0,NO
v3.1h-021,27956102,32,51,0.0,NO
v3.1h-021,41017291,33,9,1.6e-05,NO
v3.1h-021,42431357,35,43,0.0,NO
v3.1h-021,42499456,36,56,0.0,NO
v3.1h-021,39114562,37,5,5.5e-05,NO
v3.1h-021,42121128,38,33,0.0,NO
v3.1h-021,40357791,39,12,1.1e-05,NO
v3.1h-021,42462752,40,34,0.0,NO
v3.1h-021,42216360,41,32,0.0,NO
v3.1h-021,40910969,42,35,0.0,NO
v3.1h-021,42586461,43,26,1e-06,NO
v3.1h-021,41733550,45,46,0.0,NO
v3.1h-021,41452043,46,40,0.0,NO
v3.1h-021,41077316,47,60,0.0,NO
v3.1h-021,42596979,48,58,0.0,NO
v3.1h-021,41818114,49,29,0.0,NO
v3.1h-021,28520369,50,15,8e-06,NO
v3.1h-021,41840835,51,27,1e-06,NO
v3.1h-021,39817374,52,28,1e-06,NO
v3.1h-021,40272900,53,48,0.0,NO
v3.1h-021,42483729,54,49,0.0,NO
v3.1h-021,42374912,55,44,0.0,NO
v3.1h-021,41489241,56,53,0.0,NO
v3.1h-021,42398817,57,39,0.0,NO
v3.1h-021,42238941,58,36,0.0,NO
v3.1h-021,42647942,59,55,0.0,NO
v3.1h-021,42481856,60,37,0.0,NO
v3.1h-022,42622073,3,2,0.010235,NO
v3.1h-022,41077316,6,19,0.0,NO
v3.1h-022,41004670,7,55,0.0,NO
v3.1h-022,38676494,8,44,0.0,NO
v3.1h-022,40149400,9,59,0.0,NO
v3.1h-022,40685887,11,30,0.0,NO
v3.1h-022,41397500,12,57,0.0,NO
v3.1h-022,42294746,13,51,0.0,NO
v3.1h-022,40357791,14,9,2.9e-05,NO
v3.1h-022,42663925,15,24,0.0,NO
v3.1h-022,40825054,16,46,0.0,NO
v3.1h-022,42670022,17,29,0.0,NO
v3.1h-022,41347947,18,48,0.0,NO
v3.1h-022,42216360,20,58,0.0,NO
v3.1h-022,42662739,21,13,8e-06,NO
v3.1h-022,40242084,22,54,0.0,NO
v3.1h-022,40978465,23,35,0.0,NO
v3.1h-022,42636576,24,53,0.0,NO
v3.1h-022,39114562,25,45,0.0,NO
v3.1h-022,41754906,26,15,1e-06,NO
v3.1h-022,42571795,27,18,0.0,NO
v3.1h-022,39817374,28,4,0.002265,NO
v3.1h-022,42413824,29,5,0.00168,NO
v3.1h-022,42481856,30,10,1.7e-05,NO
v3.1h-022,42063765,31,14,2e-06,NO
v3.1h-022,29262813,32,32,0.0,NO
v3.1h-022,42654146,33,16,1e-06,NO
v3.1h-022,42678094,34,26,0.0,NO
v3.1h-022,41075377,35,39,0.0,NO
v3.1h-022,40988289,36,7,0.000482,NO
v3.1h-022,41833262,37,49,0.0,NO
v3.1h-022,41100334,38,42,0.0,NO
v3.1h-022,42546121,39,27,0.0,NO
v3.1h-022,40881144,41,20,0.0,NO
v3.1h-022,42671218,42,34,0.0,NO
v3.1h-022,40915652,43,23,0.0,NO
v3.1h-022,42326111,44,28,0.0,NO
v3.1h-022,28520381,45,17,0.0,NO
v3.1h-022,41061201,46,47,0.0,NO
v3.1h-022,38006536,47,56,0.0,NO
v3.1h-022,42632694,48,36,0.0,NO
v3.1h-022,42628776,49,22,0.0,NO
v3.1h-022,42603144,50,31,0.0,NO
v3.1h-022,40198642,51,12,1.1e-05,NO
v3.1h-022,42679743,52,38,0.0,NO
v3.1h-022,41112691,53,21,0.0,NO
v3.1h-022,42332214,54,60,0.0,NO
v3.1h-022,40771914,55,11,1.1e-05,NO
v3.1h-022,41748094,56,50,0.0,NO
v3.1h-022,42366486,57,52,0.0,NO
v3.1h-022,42680287,58,40,0.0,NO
v3.1h-022,42653071,59,43,0.0,NO
v3.1h-022,42662351,60,41,0.0,NO
v3.1h-023,42622073,2,20,1e-06,NO
v3.1h-023,42653808,8,5,0.000248,NO
v3.1h-023,41766537,9,31,0.0,NO
v3.1h-023,42438581,10,27,0.0,NO
v3.1h-023,41347947,11,25,0.0,NO
v3.1h-023,40198642,12,14,3e-06,NO
v3.1h-023,41061201,13,49,0.0,NO
v3.1h-023,40357791,14,13,3e-06,NO
v3.1h-023,40149400,15,53,0.0,NO
v3.1h-023,40978465,16,38,0.0,NO
v3.1h-023,41397500,18,58,0.0,NO
v3.1h-023,40915652,19,35,0.0,NO
v3.1h-023,42216360,20,32,0.0,NO
v3.1h-023,42128628,21,48,0.0,NO
v3.1h-023,41077316,22,55,0.0,NO
v3.1h-023,41004670,23,51,0.0,NO
v3.1h-023,40685887,24,40,0.0,NO
v3.1h-023,42632694,25,33,0.0,NO
v3.1h-023,39114562,26,45,0.0,NO
v3.1h-023,29262813,27,11,4e-06,NO
v3.1h-023,42489609,28,18,1e-06,NO
v3.1h-023,42063765,29,17,1e-06,NO
v3.1h-023,42128899,30,59,0.0,NO
v3.1h-023,42159622,31,28,0.0,NO
v3.1h-023,42586461,32,8,4.3e-05,NO
v3.1h-023,39817374,33,24,0.0,NO
v3.1h-023,40242084,34,46,0.0,NO
v3.1h-023,42670022,35,29,0.0,NO
v3.1h-023,42580545,36,19,1e-06,NO
v3.1h-023,42678094,37,44,0.0,NO
v3.1h-023,40272900,38,30,0.0,NO
v3.1h-023,42595037,39,7,4.7e-05,NO
v3.1h-023,42121128,40,43,0.0,NO
v3.1h-023,40881144,41,41,0.0,NO
v3.1h-023,40910969,42,36,0.0,NO
v3.1h-023,42462752,43,50,0.0,NO
v3.1h-023,42590087,44,3,0.009871,NO
v3.1h-023,41112691,45,52,0.0,NO
v3.1h-023,41278442,46,60,0.0,NO
v3.1h-023,41840835,47,39,0.0,NO
v3.1h-023,42483729,48,47,0.0,NO
v3.1h-023,42682722,49,21,0.0,NO
v3.1h-023,41833262,50,10,5e-06,NO
v3.1h-023,42662112,51,54,0.0,NO
v3.1h-023,41100334,52,56,0.0,NO
v3.1h-023,42055120,53,37,0.0,NO
v3.1h-023,42481856,54,34,0.0,NO
v3.1h-023,42413824,55,23,0.0,NO
v3.1h-023,42671218,56,42,0.0,NO
v3.1h-023,42364820,57,16,2e-06,NO
v3.1h-023,28520381,58,15,3e-06,NO
v3.1h-023,42294746,59,12,4e-06,NO
v3.1h-023,28520369,60,26,0.0,NO
v3.1h-046,42595240,2,1,0.233651,NO
v3.1h-046,42631638,4,20,0.0,NO
v3.1h-046,42573610,5,3,0.001271,NO
v3.1h-046,42638417,6,6,1.5e-05,NO
v3.1h-046,40988289,7,10,3e-06,NO
v3.1h-046,42528583,8,15,0.0,NO
v3.1h-046,42678243,10,51,0.0,NO
v3.1h-046,42192153,12,34,0.0,NO
v3.1h-046,42413824,13,11,1e-06,NO
v3.1h-046,42466914,15,24,0.0,NO
v3.1h-046,38832136,16,21,0.0,NO
v3.1h-046,42429832,17,17,0.0,NO
v3.1h-046,38053572,18,41,0.0,NO
v3.1h-046,41808861,19,45,0.0,NO
v3.1h-046,42665174,20,37,0.0,NO
v3.1h-046,42590087,22,19,0.0,NO
v3.1h-046,42652369,23,23,0.0,NO
v3.1h-046,38710058,25,57,0.0,NO
v3.1h-046,41840835,26,16,0.0,NO
v3.1h-046,42586461,27,42,0.0,NO
v3.1h-046,42662351,28,59,0.0,NO
v3.1h-046,31583609,29,28,0.0,NO
v3.1h-046,42489609,30,14,0.0,NO
v3.1h-046,42670801,31,18,0.0,NO
v3.1h-046,40825054,32,32,0.0,NO
v3.1h-046,42671218,33,50,0.0,NO
v3.1h-046,42665114,34,58,0.0,NO
v3.1h-046,40978465,35,48,0.0,NO
v3.1h-046,42663925,37,27,0.0,NO
v3.1h-046,42128899,38,54,0.0,NO
v3.1h-046,42679743,39,55,0.0,NO
v3.1h-046,42359186,40,33,0.0,NO
v3.1h-046,42678242,41,60,0.0,NO
v3.1h-046,42654146,42,38,0.0,NO
v3.1h-046,42045358,43,40,0.0,NO
v3.1h-046,41828566,44,35,0.0,NO
v3.1h-046,40149400,45,13,1e-06,NO
v3.1h-046,42662744,46,52,0.0,NO
v3.1h-046,42580545,47,9,4e-06,NO
v3.1h-046,40771914,48,22,0.0,NO
v3.1h-046,42674100,49,46,0.0,NO
v3.1h-046,42680287,50,44,0.0,NO
v3.1h-046,42633086,51,8,8e-06,NO
v3.1h-046,42294746,52,47,0.0,NO
v3.1h-046,42675227,53,30,0.0,NO
v3.1h-046,42558881,54,36,0.0,NO
v3.1h-046,42591558,55,25,0.0,NO
v3.1h-046,42366387,56,56,0.0,NO
v3.1h-046,42675994,58,31,0.0,NO
v3.1h-046,41077316,59,39,0.0,NO
v3.1h-046,41839242,60,43,0.0,NO
v3.1h-047,41766537,3,12,0.0,NO
v3.1h-047,42595037,4,4,0.05626,NO
v3.1h-047,40910969,5,14,0.0,NO
v3.1h-047,42326111,7,19,0.0,NO
v3.1h-047,42462752,9,23,0.0,NO
v3.1h-047,32666144,10,28,0.0,NO
v3.1h-047,41061201,11,39,0.0,NO
v3.1h-047,42636576,12,41,0.0,NO
v3.1h-047,42128628,13,37,0.0,NO
v3.1h-047,42662112,14,25,0.0,NO
v3.1h-047,42670520,15,50,0.0,NO
v3.1h-047,42546121,16,33,0.0,NO
v3.1h-047,27956102,17,46,0.0,NO
v3.1h-047,41818114,18,60,0.0,NO
v3.1h-047,37539955,19,49,0.0,NO
v3.1h-047,40915652,20,15,0.0,NO
v3.1h-047,42658230,21,11,0.0,NO
v3.1h-047,41347947,23,56,0.0,NO
v3.1h-047,41225655,24,51,0.0,NO
v3.1h-047,40618353,26,24,0.0,NO
v3.1h-047,42128899,27,55,0.0,NO
v3.1h-047,42663261,28,36,0.0,NO
v3.1h-047,42087312,29,22,0.0,NO
v3.1h-047,41278442,30,42,0.0,NO
v3.1h-047,42637515,31,21,0.0,NO
v3.1h-047,42682722,32,7,4.1e-05,NO
v3.1h-047,30626809,33,53,0.0,NO
v3.1h-047,40272900,34,20,0.0,NO
v3.1h-047,42489609,35,8,1e-06,NO
v3.1h-047,40289797,36,48,0.0,NO
v3.1h-047,41112691,37,47,0.0,NO
v3.1h-047,42481856,39,59,0.0,NO
v3.1h-047,40978465,40,29,0.0,NO
v3.1h-047,42436620,41,31,0.0,NO
v3.1h-047,42670022,42,16,0.0,NO
v3.1h-047,39430173,43,45,0.0,NO
v3.1h-047,40149400,44,58,0.0,NO
v3.1h-047,41004670,45,44,0.0,NO
v3.1h-047,42584699,46,30,0.0,NO
v3.1h-047,42364820,47,5,0.000203,NO
v3.1h-047,38710058,48,27,0.0,NO
v3.1h-047,40242084,49,38,0.0,NO
v3.1h-047,42121128,50,34,0.0,NO
v3.1h-047,42666103,51,13,0.0,NO
v3.1h-047,42647942,52,40,0.0,NO
v3.1h-047,42586461,53,17,0.0,NO
v3.1h-047,40198642,54,26,0.0,NO
v3.1h-047,42458467,55,54,0.0,NO
v3.1h-047,42483729,56,43,0.0,NO
v3.1h-047,42580545,57,9,0.0,NO
v3.1h-047,33777146,58,52,0.0,NO
v3.1h-047,42522519,59,35,0.0,NO
v3.1h-047,41397500,60,57,0.0,NO
v3.1h-066,37539955,3,20,0.0,NO
v3.1h-066,42128628,4,18,0.0,NO
v3.1h-066,42159622,5,9,1e-06,NO
v3.1h-066,29262813,6,10,1e-06,NO
v3.1h-066,42216360,8,16,0.0,NO
v3.1h-066,36300543,9,57,0.0,NO
v3.1h-066,42682722,10,4,2.1e-05,NO
v3.1h-066,42087312,11,6,3e-06,NO
v3.1h-066,42628776,12,22,0.0,NO
v3.1h-066,42671218,13,53,0.0,NO
v3.1h-066,42374912,14,25,0.0,NO
v3.1h-066,33777146,15,26,0.0,NO
v3.1h-066,41846702,16,55,0.0,NO
v3.1h-066,42045358,17,54,0.0,NO
v3.1h-066,42595037,19,5,1.8e-05,NO
v3.1h-066,42584699,20,21,0.0,NO
v3.1h-066,38053572,21,58,0.0,NO
v3.1h-066,42125454,22,50,0.0,NO
v3.1h-066,41397500,23,43,0.0,NO
v3.1h-066,40406172,24,33,0.0,NO
v3.1h-066,42192153,25,42,0.0,NO
v3.1h-066,42448258,26,12,0.0,NO
v3.1h-066,42662112,27,3,2.7e-05,NO
v3.1h-066,38710058,28,48,0.0,NO
v3.1h-066,42658230,29,24,0.0,NO
v3.1h-066,41278442,30,17,0.0,NO
v3.1h-066,42675227,31,39,0.0,NO
v3.1h-066,42366387,32,51,0.0,NO
v3.1h-066,42675994,33,45,0.0,NO
v3.1h-066,42546121,36,7,3e-06,NO
v3.1h-066,42436620,37,34,0.0,NO
v3.1h-066,41347947,38,52,0.0,NO
v3.1h-066,42679829,39,47,0.0,NO
v3.1h-066,42653071,40,59,0.0,NO
v3.1h-066,42637515,41,27,0.0,NO
v3.1h-066,41406988,42,38,0.0,NO
v3.1h-066,42633086,43,28,0.0,NO
v3.1h-066,42630019,44,56,0.0,NO
v3.1h-066,42645604,45,41,0.0,NO
v3.1h-066,40272900,46,31,0.0,NO
v3.1h-066,42364820,47,11,0.0,NO
v3.1h-066,41818114,48,35,0.0,NO
v3.1h-066,42499456,49,14,0.0,NO
v3.1h-066,41976898,50,19,0.0,NO
v3.1h-066,42653808,51,13,0.0,NO
v3.1h-066,42652369,52,60,0.0,NO
v3.1h-066,42128899,53,44,0.0,NO
v3.1h-066,41733550,54,40,0.0,NO
v3.1h-066,42398817,55,23,0.0,NO
v3.1h-066,42580175,56,37,0.0,NO
v3.1h-066,42669317,57,29,0.0,NO
v3.1h-066,42458467,58,36,0.0,NO
v3.1h-066,32666144,59,15,0.0,NO
v3.1h-066,41848246,60,32,0.0,NO
v3.1h-067,41098965,4,1,0.004908,NO
v3.1h-067,41748094,6,57,0.0,NO
v3.1h-067,42598366,7,7,0.000152,NO
v3.1h-067,42448258,8,8,0.000127,NO
v3.1h-067,42238941,9,27,1e-06,NO
v3.1h-067,42206096,10,16,9e-06,NO
v3.1h-067,42546121,11,11,4.4e-05,NO
v3.1h-067,42216360,12,29,1e-06,NO
v3.1h-067,41004670,13,54,0.0,NO
v3.1h-067,42327596,14,10,6.4e-05,NO
v3.1h-067,41754906,15,2,0.002474,NO
v3.1h-067,42670022,16,28,1e-06,NO
v3.1h-067,41976898,17,3,0.001285,NO
v3.1h-067,42413824,18,13,3.4e-05,NO
v3.1h-067,41463106,19,30,1e-06,NO
v3.1h-067,41112691,20,19,6e-06,NO
v3.1h-067,39430173,21,36,0.0,NO
v3.1h-067,42087312,22,15,1.1e-05,NO
v3.1h-067,42636576,23,45,0.0,NO
v3.1h-067,42647942,24,46,0.0,NO
v3.1h-067,42658230,25,37,0.0,NO
v3.1h-067,42438581,26,47,0.0,NO
v3.1h-067,42394350,27,31,1e-06,NO
v3.1h-067,28520369,28,22,4e-06,NO
v3.1h-067,42665888,29,55,0.0,NO
v3.1h-067,42630019,30,41,0.0,NO
v3.1h-067,42438486,31,17,7e-06,NO
v3.1h-067,41406988,32,25,2e-06,NO
v3.1h-067,42269153,33,6,0.000157,NO
v3.1h-067,41818114,34,21,4e-06,NO
v3.1h-067,42415794,35,42,0.0,NO
v3.1h-067,42293737,36,23,4e-06,NO
v3.1h-067,41141842,37,12,3.6e-05,NO
v3.1h-067,40825054,38,35,0.0,NO
v3.1h-067,40289797,39,33,1e-06,NO
v3.1h-067,42359186,40,52,0.0,NO
v3.1h-067,42295720,41,58,0.0,NO
v3.1h-067,42181774,42,60,0.0,NO
v3.1h-067,42364820,43,49,0.0,NO
v3.1h-067,42332214,44,51,0.0,NO
v3.1h-067,40828441,45,18,7e-06,NO
v3.1h-067,42622073,46,40,0.0,NO
v3.1h-067,31583609,47,32,1e-06,NO
v3.1h-067,40978465,48,48,0.0,NO
v3.1h-067,41278442,49,44,0.0,NO
v3.1h-067,42034022,50,43,0.0,NO
v3.1h-067,41977337,51,4,0.000922,NO
v3.1h-067,40618353,52,9,8.5e-05,NO
v3.1h-067,29262813,53,50,0.0,NO
v3.1h-067,40198642,54,20,5e-06,NO
v3.1h-067,42654146,55,39,0.0,NO
v3.1h-067,40915652,56,26,1e-06,NO
v3.1h-067,42666103,57,24,3e-06,NO
v3.1h-067,42590087,58,34,0.0,NO
v3.1h-067,41846702,59,59,0.0,NO
v3.1h-067,41225655,60,56,0.0,NO
v3.1h-069,40988289,2,5,4.7e-05,NO
v3.1h-069,42466914,3,10,1.8e-05,NO
v3.1h-069,42429832,6,13,9e-06,NO
v3.1h-069,42653173,7,16,2e-06,NO
v3.1h-069,42628776,8,3,0.003214,NO
v3.1h-069,42595240,9,1,0.438941,NO
v3.1h-069,42413824,10,22,1e-06,NO
v3.1h-069,42631638,11,36,0.0,NO
v3.1h-069,42045358,12,15,2e-06,NO
v3.1h-069,42573610,13,2,0.006233,NO
v3.1h-069,42192153,14,44,0.0,NO
v3.1h-069,42662351,15,41,0.0,NO
v3.1h-069,42671218,16,37,0.0,NO
v3.1h-069,41840835,17,6,2.9e-05,NO
v3.1h-069,42528583,18,19,2e-06,NO
v3.1h-069,42638417,19,28,0.0,NO
v3.1h-069,42121128,20,12,1e-05,NO
v3.1h-069,42670801,21,17,2e-06,NO
v3.1h-069,41808861,22,30,0.0,NO
v3.1h-069,42665174,23,31,0.0,NO
v3.1h-069,42558881,24,33,0.0,NO
v3.1h-069,42660303,25,53,0.0,NO
v3.1h-069,41828566,26,29,0.0,NO
v3.1h-069,42653808,27,9,2e-05,NO
v3.1h-069,40825054,28,38,0.0,NO
v3.1h-069,42326111,29,26,0.0,NO
v3.1h-069,42678243,30,48,0.0,NO
v3.1h-069,42128899,31,60,0.0,NO
v3.1h-069,42238941,32,25,0.0,NO
v3.1h-069,38832136,33,27,0.0,NO
v3.1h-069,42677606,34,58,0.0,NO
v3.1h-069,42677663,35,46,0.0,NO
v3.1h-069,42359186,36,24,0.0,NO
v3.1h-069,33986677,37,35,0.0,NO
v3.1h-069,42674100,38,52,0.0,NO
v3.1h-069,42678094,39,40,0.0,NO
v3.1h-069,42678242,40,54,0.0,NO
v3.1h-069,40198642,41,39,0.0,NO
v3.1h-069,38053572,42,56,0.0,NO
v3.1h-069,40149400,43,23,0.0,NO
v3.1h-069,42063765,44,49,0.0,NO
v3.1h-069,42181774,45,20,1e-06,NO
v3.1h-069,40881144,46,34,0.0,NO
v3.1h-069,42670540,47,51,0.0,NO
v3.1h-069,42267072,48,14,9e-06,NO
v3.1h-069,42652369,49,11,1.7e-05,NO
v3.1h-069,42294746,50,47,0.0,NO
v3.1h-069,40771914,51,21,1e-06,NO
v3.1h-069,42663925,52,50,0.0,NO
v3.1h-069,38676494,53,18,2e-06,NO
v3.1h-069,42436620,54,43,0.0,NO
v3.1h-069,41846702,55,57,0.0,NO
v3.1h-069,42630019,56,45,0.0,NO
v3.1h-069,41158891,57,42,0.0,NO
v3.1h-069,42586461,58,32,0.0,NO
v3.1h-069,36300543,59,59,0.0,NO
v3.1h-069,38710058,60,55,0.0,NO
